building_id,mean_temp,std_temp,pct_above_18,pct_below_15
23,14.425498962402344,7.168040752410889,37.76567024984048,53.60035340892357
25,17.00232696533203,6.780345439910889,51.77514034503089,38.64807362026095
26,19.6162166595459,5.8584089279174805,68.56075149095192,22.56008600168932
27,14.992348670959473,6.784873008728027,38.516850482356254,51.11696819263543
68,12.678979873657228,6.753345012664795,26.985456738824475,64.74096910394745
69,14.44774055480957,6.702717304229736,35.34077408343234,53.54328073492746
73,14.716638565063477,6.786553382873535,38.09410268637736,52.28103640120807
75,14.254322052001951,6.78831672668457,34.94817453749807,56.237990378276784
76,14.011825561523438,6.749557018280029,34.450540269577814,56.61412498607553
78,15.695155143737791,6.864985942840576,43.25435618073952,46.742285735606885
79,14.532544136047363,7.082667827606201,37.84213515048268,53.15313268975961
87,14.837894439697266,7.066388130187988,40.27178144242338,50.81489393188735
88,16.06983184814453,6.946804523468018,46.44232819273684,43.97057778409495
108,16.91375732421875,6.7375688552856445,50.96121258867113,39.12281316832031
114,15.048905372619627,7.110055923461914,40.492441478335614,50.6109173028633
124,15.58498191833496,6.831692695617676,41.89048366703256,47.39686818301816
125,15.617445945739746,6.492144107818604,41.0248244696177,47.50617957933367
132,11.495221138000488,6.378221035003662,21.020953887689917,71.9250578231
133,11.777122497558594,6.848392486572266,23.849353330499724,69.87673811403242
136,13.093605995178224,7.046713352203369,29.817757079321343,62.36616301531919
139,12.74675178527832,6.874709129333496,27.06472990159984,64.84637525938818
153,12.374908447265623,6.660419940948486,25.712475359053787,65.77161362996338
154,11.974431991577148,6.838813304901123,24.827720207253886,67.90284974093265
156,14.184999465942385,6.95023250579834,34.75495076889036,55.07430762990006
176,10.212726593017578,6.67161750793457,18.431921357135543,76.9618049629655
178,12.456968307495115,7.565611362457275,30.626797396612904,63.3154504633289
179,12.556360244750977,7.275148391723633,28.1013408533683,65.46741268287425
184,15.236039161682127,6.711654186248779,40.28222126387788,47.5082490046034
195,12.487927436828612,6.682394504547119,25.359472347578244,66.09723567135
201,17.855791091918945,6.477201461791992,55.92463284662247,32.71516813433785
202,13.735296249389648,6.6107282638549805,30.9728980346318,58.24068284991981
203,12.939400672912598,6.561154365539551,26.91584769883465,64.12652381719563
223,15.328380584716797,6.919428825378418,41.65453691075174,48.58282426562447
265,13.66601276397705,7.107973098754883,33.91744396310607,57.85947521107339
266,15.077973365783691,6.83197546005249,40.07011925795053,50.295384275618375
267,15.215641021728516,6.850765705108643,40.53384200145334,49.87153534724385
268,14.181313514709473,7.030172824859619,36.08780614903596,54.968733715476816
322,17.83826446533203,7.19845724105835,58.48124428179323,34.43549862763037
323,13.138309478759766,6.473287582397461,28.20863039399625,61.5624765478424
329,10.561725616455078,6.440484046936035,18.32766680832979,75.03364499220852
335,14.833386421203612,6.622838020324707,38.18439818656277,51.03118198107195
338,15.247806549072266,7.746361255645752,44.446407783136536,48.297438882421424
341,16.30181884765625,6.554638385772705,46.383153800119686,42.0170057849591
343,14.632862091064451,7.641180992126465,39.544469816734,54.13548802623105
367,17.076990127563477,6.007089614868164,48.577257725772576,37.42694269426943
371,17.651647567749023,6.495042324066162,56.41916089683762,33.87884444251514
374,13.815546035766602,6.548299312591553,32.555494166206245,57.1289284669635
377,14.965423583984377,6.809516906738281,40.76122702032455,49.3740902474527
387,15.72066879272461,6.141753196716309,41.22740005092946,44.06440262055235
388,12.681949615478516,6.511030197143555,25.50985514779302,65.43653996088032
389,14.637646675109863,6.760546684265137,35.64944673896239,54.29798794089714
390,14.633833885192873,6.700907707214356,36.72047015975499,53.76045029384985
393,9.374622344970703,6.207671165466309,14.632549511702766,80.46901995017004
400,11.348743438720703,6.464459419250488,20.765350026152834,71.93716570772942
404,16.341394424438477,6.968565940856934,48.07201551574542,41.65773490532333
405,17.2310733795166,6.967294216156006,53.52161785216178,37.86610878661088
426,12.385869026184082,6.866168975830078,26.087352469765406,66.36674923502841
430,12.353727340698242,7.482553958892822,29.823243165879493,61.1635895234006
431,12.725275993347168,6.15709400177002,24.979352804264582,64.63698475861551
441,12.980181694030762,6.945700645446777,29.614009351792426,62.46103419822132
442,13.480260848999023,6.896050930023193,31.491821033761585,58.96418434418883
443,13.613141059875488,6.56476640701294,30.95308547702,59.54564978761992
444,12.75619411468506,6.639212131500244,27.541639162337724,63.64071214686832
445,13.237136840820312,6.729869842529297,29.657069254384687,61.28204383237941
446,13.103540420532228,6.68594217300415,29.185842752883637,61.88981533188269
447,11.969927787780762,6.520410537719727,23.105073812182116,68.35132117603276
459,14.16147232055664,7.062471866607666,36.63508044615536,53.39880893626822
461,15.637654304504396,6.921543598175049,43.6067338951815,44.890563849833306
462,9.002848625183105,5.90643835067749,13.161998440592576,82.98746476338991
463,10.642217636108398,6.9294939041137695,21.214322781525688,73.1949489707663
467,16.5384578704834,7.08819055557251,49.48882571121948,42.00666503492554
468,18.68943214416504,6.309763908386231,62.7919619090466,28.200802309451507
470,17.85181427001953,6.700396060943604,57.360532759400485,33.94001777944135
471,17.427814483642578,6.837434768676758,54.89732185104571,36.21021418882685
474,15.908154487609863,6.52012825012207,43.77295400975717,44.52940854026202
475,16.9374942779541,7.020561218261719,53.46096811778413,38.24144688062705
476,14.85381317138672,6.9520039558410645,39.300095369291085,49.50328494224859
477,14.654410362243652,6.710675239562988,36.647918121105945,53.37539681494263
489,13.3059663772583,6.073252201080322,26.540106626664773,60.58766293000345
495,13.056203842163086,6.9817376136779785,30.191149198191532,60.72774875456055
496,11.989529609680176,7.322299480438232,28.26397910843405,65.27302074721467
500,12.92801570892334,6.886410713195801,28.41604136452488,63.47499842360804
517,14.670536041259766,7.341588020324707,39.2889834158949,52.66261038121905
518,14.756155967712402,6.8840532302856445,37.80106220923052,52.222199349499775
519,15.210798263549805,7.397979259490967,42.66404213215508,49.55658629029725
524,19.04725456237793,5.972834587097168,65.80015569395017,24.27296485765125
525,18.057804107666016,6.3662309646606445,58.73075688425519,30.5949838797471
526,16.053712844848633,7.051562786102295,46.99188400774052,43.55775062819513
539,17.08879852294922,7.132668972015381,53.79348528190459,37.67832425948141
546,15.883408546447754,6.811284065246582,44.90549196048394,45.20704920207954
553,18.22635078430176,7.162206649780273,60.99076833611979,32.0073417169441
558,14.612045288085938,7.27526044845581,38.39123781455452,53.32549308546815
559,15.290471076965332,7.068389415740967,41.33213965980305,49.80960907191883
592,11.483738899230955,6.956614017486572,23.384151183103068,70.60207241543593
593,13.588518142700195,7.262588977813721,33.78039367039753,58.77460439984562
594,13.95148468017578,7.234553337097168,35.41349355573996,56.95108244661296
596,13.61842918395996,7.427411556243896,33.96065830040384,59.07681618828434
597,15.53675651550293,6.91682243347168,42.420289721944094,48.64921966140929
603,11.765473365783691,6.432412147521973,23.206814293029588,68.28406209799293
607,11.681963920593262,6.650370597839356,23.53132506004804,68.53232586068854
613,17.08980941772461,6.902461051940918,53.28387040126438,37.84938683525039
614,14.347588539123535,6.817984104156494,36.19653789619397,53.88237980391877
616,15.287168502807615,6.596307277679443,40.83483904273756,48.39227110144179
617,11.999859809875488,6.836523532867432,24.346542233239767,68.28770369290218
618,12.21004581451416,6.563910961151123,23.829331576129483,67.67431324904246
619,14.657273292541504,7.111685276031494,38.85650551697582,52.32961108971891
621,16.873821258544922,6.496523857116699,49.17589044032911,39.16597432530217
622,15.361279487609863,7.195169925689697,41.979307483302776,49.71290136923962
624,16.312429428100586,6.594935417175293,47.300662179171454,41.76243638154654
626,17.278413772583008,6.6921234130859375,51.67618951307074,37.65148067620637
627,15.234426498413086,6.871888160705566,40.948549650645774,48.63434257886936
629,13.253201484680176,6.686514854431152,29.11908958540884,61.88213656218867
630,13.795315742492676,6.605854511260986,31.926972070575204,57.80125009890023
632,12.814706802368164,6.999011039733887,28.403658614315763,63.20511186181401
633,16.70423698425293,6.616378307342529,48.4464871257324,40.48271784120841
635,15.682657241821287,7.424615859985352,45.45515153939491,46.875208341667005
637,14.614578247070312,6.714585781097412,36.51605569764138,53.53117092247527
639,16.29928207397461,6.7975897789001465,47.48509586981041,41.20522047370965
649,12.122931480407717,6.972970008850098,25.47584815776485,67.65627347052639
650,8.880069732666016,5.744046211242676,11.837538055808722,83.740231534449
652,9.10610294342041,5.684447288513184,12.004303181905644,83.35665681249672
674,12.758670806884766,7.088579654693604,28.566857099831527,62.76294365123436
675,11.80826187133789,6.449057579040527,22.348676445793288,68.15414301504336
676,11.788704872131348,6.047564506530762,19.35628532722941,70.01448124445275
677,11.003955841064451,6.251708030700684,18.740265345568503,73.82105124885061
679,15.330896377563477,7.24815034866333,43.73310580694195,47.85654365423637
680,13.801514625549316,7.388349533081055,35.68756844395774,56.9155063786213
681,15.789769172668455,6.772411346435547,43.77090724784592,45.83230758091376
682,12.048062324523926,6.714774131774902,24.28732402610706,68.66128135335265
684,15.799986839294434,7.008525371551514,43.96314579643517,46.23827109319064
686,12.111553192138672,6.649626731872559,24.502758764528547,67.15363758745568
688,16.22330093383789,6.580692291259766,47.5583136398896,42.02641026103585
693,17.752546310424805,6.073016166687012,58.057568043861366,30.68631290385745
694,16.14490509033203,7.253819465637207,49.03564136844614,43.05879426670398
695,18.69457054138184,6.770384788513184,63.852010319008365,28.763606619266348
696,17.762928009033203,6.687404632568359,56.7729617081718,33.806014459851205
697,17.053939819335938,6.731250762939453,51.142690933266856,38.440122995096814
705,17.338821411132812,6.919549942016602,54.61680340901863,36.48158748330472
706,17.560678482055664,6.792384624481201,55.527403498120165,35.31279919669337
707,16.80903434753418,6.8295111656188965,49.612371020250514,39.98510180433704
711,17.52312469482422,6.825069427490234,55.94265983733984,35.35158487293197
712,17.60136604309082,6.629321575164795,55.72255740794213,34.51011382805733
714,16.260095596313477,6.700275897979736,46.01217721737628,44.18559461093359
718,17.094083786010742,6.905500888824463,53.5214058189688,37.61754530352216
721,14.059803009033203,6.909343719482422,34.93523428670782,56.34008519516648
724,15.152851104736328,6.956607341766357,41.00775376493601,48.93120595790813
730,13.4624605178833,6.683328151702881,30.44974850906568,59.81348311608608
732,16.60177230834961,6.158697605133057,46.95469658413359,39.5490090458235
736,12.528786659240724,6.345515251159668,24.6794951581987,66.20198650767966
739,11.86373519897461,6.284328937530518,21.485957885367625,69.74913920314806
740,16.7589054107666,7.953374862670898,54.514240545414125,38.73724773361658
770,15.608614921569824,7.05015754699707,43.83112853987242,47.155692338239305
773,15.187315940856934,7.203134059906006,41.57117910197833,49.37085855082171
803,16.00267219543457,6.717916965484619,45.41047993102787,44.46019733690967
807,11.467799186706545,6.790244102478027,23.074565570504767,71.24796959759723
811,10.217437744140623,6.3324408531188965,17.450226616606585,77.74669797914828
831,15.570709228515623,6.611666679382324,41.75692972926459,46.50905140423151
832,15.193075180053713,6.57538366317749,39.44930846339297,48.55771264221968
860,14.100865364074709,6.988994598388672,35.92617535757809,54.2620742736194
972,16.47434425354004,6.203428745269775,46.70555094502823,39.394293595782734
973,16.81160545349121,6.149277210235596,49.12557309711013,36.90226749372446
974,15.522282600402832,6.317331790924072,40.067319272457766,46.00664957951188
976,12.977949142456056,7.102392196655273,30.462495222156797,62.04481358663651
978,11.312335968017578,6.851616859436035,22.621801750361787,70.40333139723762
982,15.069164276123049,6.777427673339844,40.11410342923747,49.2620084657383
983,15.10927677154541,6.772371768951416,40.36137968031797,48.99962203879589
986,15.087854385375977,6.775334358215332,40.25660600389095,49.12084123426995
987,15.078079223632812,6.775944709777832,40.16617766710225,49.15801671638847
990,11.547598838806152,6.583240509033203,22.918417027510287,69.78177039574312
993,8.302812576293945,5.6080002784729,10.61814376443418,85.4575635103926
994,15.268759727478027,6.661536693572998,40.02580960186945,48.443576373750936
995,17.68537139892578,6.475179672241211,56.20412685223653,33.65877302312699
996,13.80057430267334,6.962491989135742,33.51047416600953,58.048479445949184
1021,16.749013900756836,6.379788398742676,48.79260064869443,39.59345915823717
1022,17.772497177124023,6.221519470214844,57.55615970604882,31.853061527469773
1023,18.97551727294922,5.845175743103027,65.20986423040374,25.12443194113828
1024,18.291339874267575,5.931199073791504,60.49427466726151,28.96033162316901
1025,17.524747848510742,6.332852840423584,56.021600484148784,33.869931567431685
1026,18.546844482421875,5.7141432762146,61.95563012677107,26.826994780014918
1027,14.656768798828123,6.669223308563232,35.63147498353906,52.636667472349785
1031,12.153727531433104,6.847750186920166,25.77233840304182,66.4448669201521
1099,15.84729290008545,6.552609443664551,44.19405946685945,44.97085108673917
1101,16.1768856048584,6.99540901184082,46.66118223042658,44.22127693727678
1102,14.409462928771973,7.576714038848877,39.93453030453328,52.79436563832953
1104,16.260234832763672,7.067205905914307,46.9937604092789,43.40699184789105
1107,17.842378616333008,6.189223289489746,57.17959393598001,31.70507702480958
1109,13.055028915405272,8.813410758972168,38.56500566674554,53.51275951826435
1110,17.92795181274414,6.195403099060059,58.8811166217024,29.981745044506557
1121,11.51739501953125,6.645553112030029,21.870098225843297,70.6875809030686
1183,15.72902488708496,7.129051685333252,44.03664568345324,45.46706384892087
1184,12.396833419799805,6.924281597137451,27.864537380154108,64.27121934003883
1200,15.005500793457031,7.342683792114258,40.55558170180723,51.07421875
1201,14.311254501342772,7.138632297515869,37.34091395675239,54.530532626019934
1243,11.876768112182615,6.661042213439941,23.687932781624728,67.77043573720655
1246,13.832324028015137,6.544262409210205,32.63549735071184,56.305927976690406
1259,15.38167667388916,6.4216156005859375,40.6291565501953,46.1627784228861
1260,16.271316528320312,6.983268737792969,49.880076909354,40.69753612559218
1261,16.493471145629883,7.1612091064453125,49.55813311239989,41.52973395931143
1290,11.313873291015623,7.067570686340332,24.110232640379905,70.05607618277804
1291,10.29206657409668,6.931738376617432,20.485006210445377,74.22960903767671
1321,13.792647361755373,7.21789026260376,34.2953283607201,57.02204026695081
1322,13.438557624816896,6.983496189117432,31.460018861368937,59.25944309326451
1323,15.207252502441406,7.460101127624512,43.56242674848888,48.60344759471668
1326,13.50625705718994,6.989555358886719,32.58135925875212,59.31808845679858
1327,12.053671836853027,7.700530529022217,29.765222626028404,64.8748076965954
1328,14.041617393493652,7.518368244171143,38.40115170232925,54.20014519324236
1330,13.066291809082031,7.474391937255859,32.42916880967821,60.70350410340125
1331,14.220922470092772,6.612070083618164,35.593768830763054,54.18684580534292
1332,14.951207160949709,6.419318675994873,36.71429812908912,48.28365342834796
1339,14.202003479003906,6.02265214920044,28.557363691917704,57.8061697938121
1355,12.92778491973877,6.23264217376709,25.473715353891254,62.89353003671378
1356,15.533666610717772,6.33477783203125,40.30779130248271,45.868411174861926
1357,12.776851654052734,6.695756912231445,27.498093551680903,65.03509157414469
1360,13.884716987609863,6.236940860748291,28.937527318644676,59.50041281507503
1361,11.704363822937012,6.491510391235352,24.963321407428374,66.455174898973
1363,11.775430679321287,6.539751052856445,25.608178382080617,65.73653636386697
1366,14.40765380859375,6.394196510314941,35.54392088423502,52.86168165749318
1367,11.705605506896973,7.137676239013672,25.089553329921777,69.00845578380486
1368,14.657909393310549,6.669183731079102,36.3602599814299,52.33673785205819
1369,8.704527854919434,5.348430156707764,9.663478750063929,86.37293509947322
1371,11.12176513671875,6.468080997467041,20.528170839164464,72.2127196392474
1372,13.54694652557373,6.837217330932617,30.875970220180584,60.015840329478856
1373,12.9231595993042,6.253949165344238,25.735137059451763,63.73442506229975
1374,16.07986068725586,7.160837173461914,48.13938709221861,43.81019629995763
1379,14.974968910217283,6.6161651611328125,38.520607050932895,50.78017365672359
1442,14.714741706848145,7.127813339233398,39.70199924556771,50.84664068066558
1445,14.405717849731444,5.885669231414795,30.353519827851212,56.87365508761144
1448,12.557194709777832,7.476420879364014,29.323831620815376,64.02055021544581
1449,13.495450019836426,5.932454586029053,25.58654809239081,61.84478101192825
1451,14.287297248840332,7.028367042541504,36.43673731535003,55.17533718689788
1453,10.653852462768556,5.177112102508545,12.385105669238513,80.37906742703791
1457,10.454261779785156,5.243418216705322,12.532084188911703,80.64681724845995
1461,14.092856407165527,6.150699138641357,31.447637570839344,57.382381543207806
1464,11.839639663696287,6.969765186309815,24.40600646264969,68.96977760881961
1465,15.52365779876709,5.884349346160889,37.647784144483936,50.03989265249873
1470,12.997295379638672,6.668945789337158,28.60681002612288,60.74337211089116
1473,10.189122200012209,6.73236083984375,19.84296724470135,74.5655105973025
1494,11.831467628479004,7.54594612121582,28.316023811625328,65.77422107152314
1495,16.489410400390625,7.641340255737305,50.847739361702125,42.65390331664581
1496,14.80526351928711,8.115023612976074,42.51551837143849,52.4511315880788
1527,17.69690704345703,6.753443241119385,56.78665031618938,34.54879896126379
1544,13.93093967437744,6.674234867095947,33.71497124675629,56.10338127713954
1573,9.676154136657717,6.163275718688965,15.15405027385263,80.06300571234362
1575,14.099257469177246,7.120706558227539,35.87101676183459,54.87083256585007
1576,13.413185119628906,7.949301242828369,35.98131303633466,58.01668761691724
1578,15.278331756591797,7.320791721343994,40.5574315810695,51.73042353376006
1588,12.795069694519045,6.38259744644165,28.07899041832204,60.24626080860014
1594,17.87854766845703,6.577421188354492,57.019618252455295,32.88771989092928
1595,14.15256690979004,7.015684127807617,35.44160014869735,54.98600799248252
1599,16.377864837646484,6.742795467376709,47.30863596351582,42.400689228925145
1601,12.712725639343262,6.6536383628845215,26.603097549699488,65.15487748497458
1602,14.45686149597168,6.8202080726623535,34.22525074294205,54.55284175334324
1624,13.304139137268066,6.911754131317139,31.451941424926567,60.103771359962266
1627,14.712127685546877,7.130328178405762,38.52771448648879,52.96735589105855
1632,11.07272720336914,6.82469654083252,22.495047976744782,71.31042111491266
1636,12.5342435836792,6.716702461242676,25.122662665025548,67.23431519668178
1637,13.945711135864258,6.580078601837158,31.97338296575693,57.49345280252993
1638,12.023292541503906,6.158326148986816,21.780296602979604,68.91098516985103
1639,18.8201904296875,5.930180072784424,63.77807078705205,24.847953498967943
1640,16.13042449951172,7.120521545410156,46.93726525084126,44.079783297728255
1654,14.176631927490234,7.651105880737305,38.35151624102559,55.66329224857589
1655,13.948999404907228,7.112965106964111,35.59567022409633,56.03060403851588
1656,16.362262725830078,7.084237098693848,48.89864965681886,42.22806624888093
1662,11.906083106994627,6.618311882019043,23.571142620402007,67.94555492454218
1663,13.951130867004396,6.598633766174316,33.68058929855591,55.68113350566558
1664,14.866929054260254,6.9942545890808105,40.44466723675287,50.03096157815588
1665,17.105289459228516,6.454883575439453,53.54023021053078,35.31027452535006
1675,15.499913215637209,6.650277137756348,41.4027472079563,47.47085677019646
1686,13.906243324279783,6.698703765869141,32.738641276268204,57.70938116175834
1689,14.545599937438965,6.771552085876465,37.18126652551387,51.917212873945154
1705,14.96172046661377,6.586448192596436,40.53600199695918,46.91492500056732
1706,13.70811653137207,7.28761625289917,35.13712882733108,56.22557169123719
1712,15.479040145874023,6.671812057495117,42.13456370734675,46.99690716422451
1715,12.433395385742188,6.902432918548584,27.31700069336679,65.47198467989567
1718,10.938591003417969,6.357594013214111,19.088733831969613,74.49759884878604
1719,10.423528671264648,6.063287258148193,15.68952100269881,77.6909449144825
1723,15.065071105957031,7.35588264465332,41.4411648611903,49.89912723126179
1724,11.779175758361816,6.301925182342529,21.606276747503568,69.60342368045649
1725,15.474589347839355,7.408552169799805,44.10539137124175,47.86631621685151
1728,16.173362731933594,7.113447189331055,47.25368380918205,44.1025410994236
1733,15.04871940612793,7.055896282196045,40.536646101761306,49.85940319805263
1736,16.77217674255371,6.728611469268799,49.17296339007556,39.81135647773628
1748,17.36141586303711,7.086868762969971,55.23830819243537,36.880579301329576
1752,17.419357299804688,6.887052536010742,54.52893674293405,36.662180349932704
1755,12.70056438446045,6.690969467163086,27.45527015057573,64.01151461470327
1759,12.782949447631836,7.182459831237793,32.14963238829587,59.76203589568745
1764,15.165125846862791,7.013720989227295,40.91048186380513,49.413480762169
1765,15.575116157531738,6.798414707183838,42.870643114940336,46.22646251595975
1768,10.434816360473633,5.87778377532959,15.132651843602083,78.06968696551449
1769,14.820408821105955,7.541278839111328,41.79129792774546,50.65699548035
1776,11.173179626464844,7.0240478515625,22.837746720608067,71.46775775407626
1787,16.52146339416504,7.1710205078125,49.975376314155405,41.52624028435004
1788,16.61827850341797,7.148420810699463,50.42376583660987,41.08999563128003
1802,14.802535057067873,6.859343528747559,37.83080260303688,52.17733188720174
1805,11.419230461120604,6.941672801971436,22.92347939829954,69.95403677058354
1809,13.589113235473633,6.139169216156006,27.636787558129107,59.63566020574181
1810,14.145851135253906,6.066473960876465,32.70767708848567,53.50662536120584
1817,13.109668731689451,7.055976867675781,31.10107480768715,60.54437267147337
1827,17.496601104736328,6.5180253982543945,55.38518064911207,33.988977342314755
1833,13.38650131225586,6.6676530838012695,28.436064729364297,64.33446366484955
1840,13.064987182617188,7.235755920410156,30.55489754826484,62.34158474475897
1841,11.409274101257324,6.007020473480225,18.78465237230754,71.97389725724939
1842,15.435486793518066,7.010794162750244,42.92724947140359,48.09835808817771
1845,12.49895477294922,5.976308345794678,21.23574586921108,66.59151733767746
1848,14.474010467529297,6.9344682693481445,35.887046811885114,55.14831611032637
1849,13.352097511291504,7.100209712982178,31.184956399856112,60.92732482417296
1850,14.033736228942873,6.827986240386963,33.622200947419465,57.38601748125676
1851,13.564862251281738,7.223062515258789,32.75536624070826,59.23494529357721
1853,12.84123992919922,7.014628410339356,30.17794470783819,61.7585124068715
1854,9.347731590270996,6.104077339172363,15.308177626789616,78.51007037126911
1856,14.00759983062744,6.596158027648926,31.777140869104223,56.947366677159096
1859,14.186468124389648,7.0624680519104,36.91463825486398,54.22386928324771
1860,13.514534950256348,7.118197917938232,32.557369997187344,59.39842160123096
1865,14.10059928894043,6.772378921508789,33.39174165701444,56.270975023016845
1866,12.1512451171875,6.688059329986572,25.122257929299984,67.1883004983466
1867,14.273241996765137,6.685815811157227,34.87297652713286,55.02100571401971
1869,16.512653350830078,6.669704437255859,48.52985612346884,41.22213699649025
1872,14.769268989562988,6.628482818603516,37.28813559322034,52.35922269820576
1873,15.738579750061035,6.830458641052246,43.72245215078666,46.54036366896264
1877,15.817219734191896,6.869107246398926,44.242607891295336,45.67637395936334
1878,14.55970859527588,7.057091236114502,38.25011309217402,52.8756610042585
1880,13.105091094970703,6.655505657196045,28.713326588797937,61.30322817989515
1881,11.805394172668455,7.055768013000488,24.500787747774154,66.77353167478842
1885,15.717190742492676,7.088772773742676,44.05795930459608,46.46036170699848
1897,12.219979286193848,6.765531539916992,26.15377374032148,66.12929796898167
1910,15.627962112426758,6.045430660247803,38.27742242787153,47.37003266194883
1922,14.29762077331543,6.515101432800293,34.064531810171964,52.634137449109794
1925,13.350970268249512,6.7600297927856445,30.534863520307443,57.08062435840068
1931,18.161306381225582,6.290750503540039,58.67136745365236,31.06975915068928
1934,9.837712287902832,6.3604912757873535,15.809367769010766,79.33212607252187
1935,11.347007751464844,7.015279293060303,23.40411877121424,69.83156963975013
1938,9.794722557067873,6.354514122009277,15.759523943503462,79.48553823645264
1939,11.33189582824707,6.999011516571045,23.262702855928,69.97661398908653
1943,12.13384246826172,7.571966648101807,28.785216942814777,65.23032041776804
1944,12.101995468139648,7.429287910461426,27.817341930516797,65.93767041991467
1946,10.371713638305664,6.27189302444458,18.024159135172987,74.61868393986477
1948,15.022730827331545,6.852548122406006,39.44916188795765,50.09925011027791
1953,13.968582153320312,6.264067649841309,31.26791403722429,56.26084068347049
1956,14.808819770812988,6.488261699676514,36.56975156975157,51.50559650559651
1965,13.323047637939451,6.725178718566895,28.862326212275345,62.029501525941
1966,13.2586030960083,6.818353176116943,28.927338987970455,62.51330344760861
1968,14.78693675994873,6.826769828796387,35.839607478216735,53.66043481938922
1972,14.625539779663086,6.7862725257873535,36.58495699604131,53.66790885997602
1973,14.061297416687012,6.554702281951904,34.479324468383545,55.10295685350391
1974,14.634649276733398,6.586790561676025,35.9989102536528,53.25418333548415
1975,16.04666519165039,6.796245098114014,47.725024727992086,42.69370260468183
1976,15.260859489440918,6.723606586456299,40.975193486067816,47.28408377087457
1977,16.077957153320312,6.606507778167725,46.94910801709932,42.55964463974399
1978,15.638311386108398,6.677361965179443,43.11885208916163,46.372813180863
1979,19.48998260498047,5.782312393188477,68.00415081286752,23.204196933010493
1980,14.259720802307127,6.912487506866455,35.55664986328353,54.9950108206876
1981,14.324647903442385,6.909045219421387,36.78286129266522,53.388577653283534
1982,14.774823188781738,6.709928512573242,37.10481646509654,52.85911309144918
1983,18.99225807189941,6.268577575683594,64.22039454765054,27.73623971933053
1984,12.419466018676758,6.694540500640869,25.722947761194032,64.448960554371
1986,15.253059387207031,6.905640602111816,41.43382233353935,47.103405653319456
1988,14.53845500946045,6.798194408416748,36.313598679005125,51.46031855240978
1989,15.10618495941162,6.7145538330078125,39.5320713341288,48.20052242897223
1990,13.43747615814209,6.486447334289551,28.427094911823747,59.65293561391576
1991,14.601170539855955,6.769363880157471,36.937663053852845,51.99906674867966
1992,11.052324295043944,6.6639556884765625,20.87818228573528,72.82888211307447
1993,8.632776260375977,5.463708877563477,10.23011484106585,86.00617908975258
1994,14.763956069946287,6.300861358642578,37.52506397080415,49.77054406644574
1996,12.827813148498535,6.299615859985352,25.804886568728293,64.64321061926293
2000,15.940441131591797,7.030312538146973,45.23273965362538,45.63835932986713
2001,15.785058975219728,7.029099941253662,44.59880327627642,46.34606895875227
2002,16.040788650512695,7.048061847686768,46.02468409505951,45.474378301528354
2003,16.670787811279297,7.602161884307861,51.51042050224611,41.59952868399735
2005,15.81091022491455,6.999340057373047,44.397329912580766,46.618443557582665
2006,15.450469017028809,7.005914688110352,41.70161702329892,49.41604191666568
2007,16.835039138793945,6.960525989532471,51.44112289724633,39.77523006774052
2008,16.159656524658203,7.797015190124512,49.05560212349818,44.35037720033529
2018,15.958053588867188,6.31093168258667,42.696988013640045,43.68691764652213
2019,15.91908836364746,6.310192108154297,42.49377345519705,43.98814420790461
2023,15.83933448791504,6.310234069824219,41.98325886087466,44.85735659839463
2024,16.137834548950195,6.631859302520752,46.58738782244758,42.89106201456799
2030,11.377157211303713,6.115045070648193,19.30476716732808,72.67920831868187
2038,16.488239288330078,6.663078784942627,48.56357510196843,41.076178653763336
2039,12.685503959655762,6.287346363067627,23.90848959589676,66.35646907969074
2041,15.714594841003418,6.61680269241333,43.83108994606152,45.77603382088537
2049,15.553004264831545,6.538819313049316,42.71828161642253,46.6664400865536
2057,14.870342254638672,7.049103260040283,37.74294896608842,53.0765283616755
2058,15.627099990844728,6.941938877105713,42.43799859808405,47.87709870155879
2059,14.550385475158691,6.824936389923096,36.052422071161736,53.80261235488133
2060,14.322383880615234,6.940155029296875,35.04613524241814,55.52527580375216
2061,13.327162742614746,7.174058437347412,32.096356385698215,59.918538464160335
2069,15.001388549804688,6.986462116241455,40.2936852231681,50.09801608189788
2070,13.20932388305664,7.449051380157471,32.362875300963935,60.263401934677
2071,13.412955284118652,7.010146617889404,31.134181736994865,60.6720250055816
2072,12.923225402832031,6.854239463806152,28.398443131036476,62.923453942626494
2073,14.446325302124023,6.868766784667969,35.629961327091394,54.6950267996472
2075,16.77078628540039,6.878243446350098,50.60479666319082,39.95099061522419
2077,12.44691276550293,7.343494892120361,29.15933291194632,62.88812174843196
2097,14.256019592285156,7.200207710266113,36.48149516140947,55.56622589938687
2103,11.315176963806152,6.272744655609131,20.16323597351265,71.56936795559042
2112,15.38808536529541,6.538674354553223,39.83587363098507,47.12105355866171
2113,15.30531406402588,6.571498394012451,39.72730822185233,48.13616094363274
2114,11.579143524169922,6.534704208374023,23.112784032046413,68.72712203881484
2118,15.405601501464844,6.478716373443604,39.58303080593299,47.63095114614666
2122,15.538554191589355,6.597068786621094,40.05373820810063,46.29112498240015
2123,15.10865879058838,6.7635178565979,39.12194416317084,49.688991754665125
2127,14.575791358947754,6.492373943328857,34.4083204228561,53.00510343570583
2128,18.597808837890625,5.956162929534912,62.17264640358941,26.60580473289816
2130,10.84692096710205,6.492732524871826,19.6044035129148,72.88735957898999
2134,13.54525661468506,7.368566989898682,34.76526622405333,58.05232634424121
2136,12.833970069885254,6.421006679534912,27.55189171524652,61.56692423651448
2137,13.513446807861328,7.6078200340271,34.85363760607698,57.811821292735374
2139,14.505032539367676,7.095172882080078,37.296551724137935,53.98620689655173
2140,14.834077835083008,7.220181941986084,39.41499613231419,52.129849356915294
2141,15.089049339294434,7.284605979919434,41.04264409089718,50.49406337640553
2142,10.11793613433838,5.600164413452148,12.899068839374792,78.88260724975058
2143,14.832223892211914,7.264888763427734,39.56218984059287,52.077821216548855
2144,14.446557998657228,7.382855415344238,37.90768744401707,54.52737235892302
2145,14.798545837402344,7.2771453857421875,39.58720983939718,52.2493632632593
2146,9.996347427368164,5.601557731628418,12.869072472412766,79.25738144944825
2147,14.68519115447998,7.163677215576172,38.5672909322045,52.74890895508696
2148,14.45014190673828,7.198389053344727,37.16655076038892,54.66533702483893
2149,14.168429374694824,7.179433822631836,36.02765013157378,55.49926030661273
2155,16.541343688964844,6.42548418045044,47.67665733597324,40.11469925582031
2156,12.603294372558594,6.4110426902771,24.77576215671454,65.08944318468129
2160,14.393378257751465,6.672152042388916,36.15627583575351,53.74366692811567
2161,12.084084510803224,6.83160924911499,25.806725994917763,65.97981988878611
2162,14.27645492553711,6.414735317230225,34.20785590461291,54.38036446661874
2165,13.503267288208008,7.076530456542969,31.8685493573102,59.89362375736086
2166,14.806729316711426,6.958022594451904,38.1883619454088,52.10158083044028
2171,14.062503814697266,7.143498420715332,34.47388234336528,57.24416498789248
2172,14.958062171936035,6.755616188049316,38.555617272521545,51.08416136929376
2173,14.60912036895752,6.84658145904541,36.19283349521154,53.62659397813078
2174,14.16282844543457,6.618273735046387,33.246016826404514,56.31811971606726
2175,15.709883689880373,6.962953567504883,44.557193324400046,45.95200389816056
2177,13.78731918334961,6.252321720123291,29.365787191874148,59.65440356744705
2179,17.111568450927734,6.707306861877441,52.49881955316981,37.418921941400136
2180,17.203876495361328,6.992846488952637,54.14768772362588,37.39940651369537
2181,16.480295181274414,7.06870174407959,49.51699375938839,41.83285907941819
2184,17.25128746032715,6.73504638671875,54.22383391279425,36.01256121724177
2185,17.232158660888672,7.19464635848999,53.92883526225067,38.60502339325289
2189,12.910512924194336,6.490334987640381,28.094555051924957,62.980090653508526
2190,12.10752296447754,6.466087341308594,23.863972921514705,68.53712714195049
2194,11.377762794494627,6.339296340942383,21.558909424228855,71.57063375327748
2195,16.98355484008789,6.950233459472656,52.68180518490279,38.52816431566908
2196,16.98435401916504,6.906948566436768,52.35239633306416,38.52657578492376
2224,12.33624267578125,6.854414463043213,25.27597385675419,67.83692785589943
2226,11.983346939086914,7.041266918182373,24.620765542717912,68.49668579213498
2227,15.501973152160645,6.679293632507324,41.382775600442166,47.89133420426758
2228,13.317890167236328,6.712387561798096,28.501963903942723,61.73718490528513
2230,11.972331047058104,7.056375980377197,24.72544093856453,68.33791479791138
2231,15.650010108947754,6.647881507873535,42.200515170775766,47.21172180778109
2236,12.874692916870115,6.301472187042236,24.590181194133564,63.15894757898948
2238,11.89322280883789,7.015994071960449,24.10590792333531,69.06671935717578
2239,13.50789737701416,5.8202080726623535,26.889895217003275,59.28668231249793
2244,10.14435863494873,5.873772144317627,14.737790429180324,79.15723489465437
2245,10.271734237670898,5.904486656188965,15.4435724448116,78.11739868741108
2246,8.756906509399414,5.900453567504883,12.467754443160777,83.34071881874436
2247,9.837726593017578,5.955488681793213,14.470302028825852,79.86397992594632
2248,17.52286148071289,6.716451644897461,55.3600650702507,35.444888789906365
2249,15.9088773727417,6.738142490386963,45.49124065157258,44.44933920704846
2253,16.80377197265625,6.742860317230225,50.42624409679736,39.75952349651622
2258,17.796619415283203,6.7464141845703125,57.35374394592272,33.88076516568137
2260,17.196313858032227,6.946969509124756,54.15543654543969,37.270001283442426
2265,17.798250198364258,6.796046257019043,57.53652564117585,34.10036203442256
2266,17.008386611938477,6.191536903381348,50.55813663434255,36.99915811792585
2268,16.74809455871582,6.994780540466309,51.33939306497379,39.766988890492
2269,16.866243362426758,7.00865364074707,52.050975215583705,39.20107575963187
2270,17.339975357055664,6.73371171951294,54.460331183081735,36.48467114451021
2276,15.582270622253418,7.333632946014404,43.61164409845952,47.496299544981085
2277,16.182191848754883,7.620730876922607,48.374054619559296,43.540899282927576
2280,15.408555030822754,7.070529937744141,43.56297675536068,47.41305784131179
2281,15.103221893310549,7.581866264343262,41.90824089279131,49.64755297876381
2282,13.909387588500977,7.753263473510742,36.31159090656932,56.8583506229821
2284,14.628100395202637,7.838428020477295,40.64070490823352,52.869224468108655
2285,12.00135326385498,6.246293067932129,21.843180118506584,69.71034919173906
2286,10.33005428314209,5.953169345855713,15.426567978184652,78.15290943456117
2288,12.324542045593262,6.464730739593506,24.153474985185813,68.02992465927368
2291,15.41580295562744,6.105561256408691,37.75257038329724,50.8000252307563
2300,11.701042175292969,6.536849021911621,22.12418620588379,71.26021831709825
2301,11.77797794342041,6.518900394439697,22.27137464799984,71.01515847496555
2303,10.573917388916016,6.417001724243164,18.536993369208137,75.32398169982064
2307,11.707477569580078,6.508286952972412,21.932216217265168,71.47181820828037
2309,13.182175636291504,6.12633752822876,25.17826285578088,64.33749776550738
2312,12.076284408569336,6.304445743560791,22.16207380627296,70.70825561046902
2314,11.946569442749023,6.360533714294434,21.2641059602649,71.62913907284768
2320,12.92829704284668,6.005715370178223,22.957567754381984,68.3207642549855
2321,13.160972595214844,6.152688980102539,26.02723458158499,62.89684110521733
2323,11.343835830688477,6.450596332550049,20.51476601992452,73.03292177014869
2326,13.363097190856934,6.160447120666504,26.00846564974837,63.394842585729336
2327,16.879375457763672,6.346038341522217,50.71071718901683,37.98015832300735
2330,16.487632751464844,7.082479953765869,49.651277146698185,41.612155224526994
2342,19.26361846923828,5.935655117034912,68.27186892801,23.660134547975435
2343,16.932512283325195,6.957235336303711,51.23660382310485,39.8941428633918
2359,16.772153854370117,6.978119850158691,49.54597206409153,41.77334703285107
2361,14.904447555541992,7.553966999053955,41.99992467327032,50.66551165681143
2362,13.962159156799316,6.9882893562316895,33.86783644797487,56.81195073877024
2363,14.76530933380127,7.215889930725098,39.761933197977626,51.03149010709025
2364,15.523340225219728,7.13925838470459,43.59391602208303,46.87516253910226
2365,14.747869491577148,6.965920925140381,38.696463335496425,51.67667099286177
2366,15.086156845092772,7.314899444580078,41.45731448605435,49.565664009289655
2368,15.356868743896484,7.3602614402771,43.44671024306236,47.72554698814044
2369,12.101102828979492,6.995266914367676,25.33116299955097,67.80843062415805
2371,14.17034149169922,6.740276336669922,34.60284807834388,55.323125063379166
2376,15.461091995239258,6.540492534637451,42.58317562589388,46.38548995247107
2377,13.303837776184082,7.083065986633301,31.85650186723148,59.98899169500028
2381,11.376378059387209,6.3609795570373535,20.198275862068964,71.83908045977012
2382,10.656145095825195,6.01626443862915,16.539016290796873,76.5220210874694
2383,10.744431495666504,6.157435417175293,17.530009853981905,75.66626354922512
2384,10.76649284362793,6.1377458572387695,17.468600545300138,75.50283824252448
2385,11.40591812133789,6.377139568328857,20.342349293440208,71.39040107448527
2386,10.73964023590088,6.19512939453125,17.71254948491334,75.77152108584039
2387,10.761337280273438,6.180032730102539,17.64131905173752,75.63036391457653
2388,10.580841064453123,5.998302936553955,16.01384021647518,76.92964556625115
2389,18.126304626464844,6.722947597503662,58.76459510357815,33.06026365348399
2398,16.987071990966797,6.301921367645264,52.57272012578616,36.19202044025157
2401,19.0108699798584,6.744302749633789,66.27841396728869,27.44415291434737
2404,17.118242263793945,6.291440010070801,53.64245898488292,34.83486539353029
2410,18.89093780517578,6.356939315795898,65.23869161632533,27.1302981189529
2416,16.778427124023438,6.812710762023926,51.069310252943446,39.7021524371589
2419,17.646703720092773,6.67682695388794,55.14816777401867,36.18289650674601
2422,16.58001708984375,6.577087879180908,49.659241776073166,40.01475143826524
2425,16.327842712402344,6.183931827545166,47.02758245023274,40.925522432405664
2428,18.22919273376465,6.810801982879639,61.81431479817567,31.02373667868476
2434,15.157464981079102,6.882967472076416,41.10215461428088,48.72437968806504
2437,18.015350341796875,6.214137554168701,58.986800293326816,30.366658518699584
2440,16.706188201904297,6.711584091186523,51.18443911109326,38.49050540754948
2443,15.182904243469238,6.625977039337158,38.566375572030935,49.67326792030535
2446,13.26329517364502,6.689138412475586,30.42809878688634,60.13545878866869
2447,11.126313209533691,7.156197547912598,24.3185993984716,70.00901122306873
2448,13.60576629638672,6.677534103393555,31.69594565358487,57.58296914889014
2450,14.645669937133787,6.499493598937988,36.4792736047772,52.319065829567066
2451,14.725485801696776,6.540241241455078,35.66601421654476,52.29731121870815
2453,14.800329208374023,6.508615016937256,36.060810810810814,52.26914414414414
2454,15.079928398132324,6.693602561950684,38.65518451975301,49.98038122379861
2455,15.316859245300291,6.512485980987549,40.31392908204135,48.34974295535434
2456,15.132709503173828,6.726456165313721,38.90740699313214,49.86465627167178
2457,14.92850112915039,6.526641368865967,37.592565540335535,51.34676540324302
2459,14.711785316467283,6.554144382476807,35.660791363200886,52.157654548638654
2460,14.515511512756348,7.012105941772461,36.99545036867702,54.30309957641364
2461,12.490296363830566,7.324045181274414,29.975421777861804,62.44091773524472
2462,14.855579376220703,6.960692882537842,38.69306186512805,52.44442970675686
2463,15.19958209991455,6.766549110412598,39.45165388629248,49.53831843550071
2464,15.330578804016112,6.712891101837158,39.96755551049376,48.80417272184483
2465,15.076254844665527,6.77274227142334,38.88375304901819,50.201040286022966
2466,15.460565567016602,6.348870754241943,41.065265486725664,47.05088495575222
2469,12.880701065063477,7.168911933898926,28.83848861331904,63.27241789235683
2470,10.22893524169922,5.944295883178711,15.199216950713955,78.57323813910641
2471,12.23435115814209,6.347942352294922,23.350516069184973,68.16810117069619
2474,12.739285469055176,6.792497158050537,27.090089468479032,64.41845488626693
2475,11.030115127563477,6.430321216583252,19.668521094112197,73.71233194251275
2476,12.880168914794922,7.098078727722168,29.407030091181912,63.21907806229806
2479,11.896538734436035,6.740049362182617,23.450911160408367,69.25515975795305
2480,10.41986846923828,6.305674076080322,17.54325259515571,76.17070357554788
2481,11.36724090576172,6.40132999420166,20.73708381171068,71.86911595866819
2484,12.32469367980957,6.94045877456665,25.989164910980943,66.14729238534022
2485,11.256511688232422,6.585309505462647,21.290615504615992,71.476303014075
2486,16.1390438079834,6.433313369750977,44.53300326215209,44.37567961501978
2489,12.5751314163208,6.618310451507568,25.539093611209932,65.46358033900638
2490,11.149432182312012,6.53134822845459,20.28639891769184,73.14293576088328
2491,13.033332824707031,6.048105716705322,25.265677916618007,65.01226205769007
2494,11.894396781921388,6.75223970413208,23.03234140607725,69.17732493861068
2495,11.004796028137209,6.276139259338379,18.876082370902143,74.02542916079108
2496,11.188766479492188,6.598403930664063,21.173224848612374,71.67473287975497
2501,10.76545524597168,6.801914691925049,20.68287701831642,73.26568383432254
2506,12.914067268371582,6.675393104553223,27.15932226784913,63.70647710410987
2511,18.139896392822266,6.248967170715332,59.40011795433482,30.130592299267
2522,13.42819881439209,6.993208408355713,32.66208681934323,59.02811954345349
2538,16.249542236328125,6.646251678466797,46.12554212420412,43.33648611239273
2539,16.450584411621094,6.853058815002441,47.66294151235827,42.60892871709415
2540,15.025135040283203,6.538495063781738,35.987904389275535,50.71846542709741
2542,17.05649185180664,7.27016019821167,53.42784773657612,38.25552501110404
2543,15.996614456176758,6.7061543464660645,46.23149310692043,43.03544124411074
2544,15.185192108154297,6.693372249603272,39.19062100092194,49.627784734358016
2545,14.043583869934082,7.40106725692749,36.983335928983024,54.882417068992375
2546,16.631587982177734,6.984399795532227,50.55084369730854,40.62424726479798
2547,16.812944412231445,7.016046047210693,51.70984716239466,39.70638100141912
2548,15.249432563781738,7.059330463409424,41.4710113202827,48.065545062230285
2550,11.476880073547363,6.839452743530273,23.49359779061009,69.7574064775295
2568,10.4874906539917,6.129149436950684,17.211072825479608,75.79158130005588
2571,8.915910720825195,5.8528008460998535,12.38947258920212,83.01027543719731
2574,18.0161247253418,6.2877726554870605,58.555845001628136,30.03093454900684
2592,12.88819694519043,6.577215671539307,27.29053680132817,63.26397343663531
2593,14.292888641357422,7.437911987304687,38.491968872607465,54.12286215940867
2595,20.351808547973636,5.578088283538818,73.47860413705985,17.73567029843676
2597,11.995874404907228,6.161686420440674,21.80373104407915,69.66345133369497
2658,15.246891021728516,7.314133644104004,42.28784859803172,48.970021137484565
2663,13.588855743408203,7.093116760253906,32.37047821289144,59.5693580244624
2665,12.987460136413574,6.566949844360352,28.315123727766395,61.943550222742495
2668,12.36404514312744,6.602151393890381,25.34468138563487,64.92179893847555
2670,13.550597190856934,7.240966320037842,33.21175645762271,59.21791670277211
2671,17.032550811767578,6.628535270690918,50.70921985815603,38.21435417180098
2676,15.38025188446045,7.437317848205566,42.88300186451213,48.78107520198881
2677,15.49821949005127,7.1794047355651855,42.91889104586266,48.01170832322252
2678,17.726261138916016,6.696139335632324,55.51645281882044,34.084653621263364
2684,15.670880317687988,6.885254383087158,43.954105028111165,45.93484588699709
2685,15.054943084716797,6.9834747314453125,40.739763559795016,49.597645745598456
2695,14.990215301513672,6.961950778961182,40.33237266145725,50.152023848431725
2702,14.617491722106934,7.261775493621826,38.26337157557211,53.16321429877714
2705,14.065244674682615,7.5525641441345215,37.47059614221386,54.42906109281538
2712,10.355422019958496,5.795749187469482,14.682911590128084,78.02695586200741
2713,12.635266304016112,7.23961067199707,30.575876946163948,62.22759221865448
2734,11.648138999938965,6.482348442077637,21.58488448589451,71.7348399829728
2739,15.330602645874023,7.374148368835449,42.80899920978013,49.73969227908706
2740,17.064659118652344,7.073492527008057,53.39907298009634,38.464509679178406
2742,13.815630912780762,6.845240116119385,32.87005325143072,58.51470490752811
2743,14.656209945678713,7.021553039550781,36.49655172413793,54.52505747126437
2745,17.97866439819336,6.916378498077393,58.58121952942839,33.71864622341553
2747,12.791742324829102,6.235752105712891,26.229627685938368,63.28172833027202
2750,12.897016525268556,6.200031757354736,26.35419713366481,63.00087744954666
2751,13.151327133178713,6.265120983123779,27.88788759548396,61.40914601194736
2753,13.476160049438477,6.735240459442139,31.02622527321017,58.54752332989855
2754,15.193781852722168,7.004820823669434,40.043085608769935,51.89056679861193
2755,13.98293113708496,7.170968532562256,35.09492932306412,56.83480978619338
2758,11.845182418823242,6.299984931945801,22.312769125518127,66.622399291722
2797,14.108797073364258,7.066519737243652,35.58692048822141,56.24591893113667
2801,18.422924041748047,6.7579426765441895,61.24307491762321,31.14205018647934
2802,18.52632522583008,6.762433052062988,61.85498140324269,30.670205467085545
2807,17.009061813354492,7.2704644203186035,53.03272371858729,39.27786027103735
2811,19.904708862304688,5.853039741516113,71.51128726520764,21.145958986731
2815,18.80153083801269,6.218635559082031,63.42221986605171,27.212002332608808
2819,18.716426849365234,6.7549004554748535,63.32953125848677,29.487806202813537
2820,18.66975212097168,6.686426162719727,62.915200828782936,29.6052489586256
2821,19.75424194335937,6.144721031188965,69.03958530692184,23.02100075572917
2822,17.768678665161133,6.4644317626953125,57.74872192928455,32.98760739808891
2834,13.543794631958008,5.815437316894531,23.998081200122108,63.29277688136874
2835,13.204553604125977,6.872788429260254,29.977213422029475,60.59575875629387
2838,13.490283966064451,7.4719038009643555,33.779027559525446,58.56697819314641
2839,14.966475486755373,7.090914249420166,39.59033365984303,50.83507954024129
2844,15.29177951812744,6.551575183868408,41.29655050259045,46.69995129079396
2846,15.76053524017334,7.11099910736084,45.79136874548097,45.79867222705064
2865,17.452396392822266,6.632775783538818,54.474650051212016,35.867616934107204
2867,14.90189266204834,6.955495834350586,38.81057364408437,51.95812246139143
2868,13.589341163635254,6.345534324645996,30.101641907740422,57.7292527644365
2877,16.09238052368164,6.827563762664795,45.395067152002014,44.76904732019581
2878,16.036264419555664,6.817553043365479,45.10732372724565,44.87056868248169
2879,16.100622177124023,6.817999362945557,45.460978409573386,44.619690846476814
2892,15.949655532836914,6.75338077545166,45.218377765173,44.614861032331255
2893,16.212547302246094,6.819467544555664,46.28502656796403,43.93478359598528
2894,18.823495864868164,5.797564506530762,61.80384843604306,25.44149642564494
2896,15.971725463867188,6.945371627807617,45.8228027076227,44.79683992859794
2898,15.72882080078125,6.818273067474365,44.69978559962076,45.63819127961472
2900,19.29709243774414,5.972849369049072,66.79089734416881,23.97830056704719
2905,18.75058937072754,5.920328140258789,63.67780837923552,25.99211316975463
2911,15.708422660827637,6.730131149291992,43.94351765873651,46.21263061274588
2914,11.285326957702637,6.211060523986816,19.342523638189277,72.89871140490337
2916,14.424847602844238,6.816105365753174,34.88901887140966,56.488009112458826
2923,13.069780349731444,6.5180487632751465,27.48941058223849,61.35400962021681
2962,13.286170959472656,7.289346218109131,32.915057915057915,59.51040326040326
2963,14.869383811950684,6.871479511260986,39.40659925492283,50.34992017030335
2964,13.020752906799316,7.077046871185303,30.62087610583937,60.960691676593015
2966,13.74690055847168,6.181753635406494,29.1810111722264,58.89095537704615
2967,16.116037368774414,6.93310546875,46.836987809569294,43.60964091952194
2968,15.912323951721191,7.264692783355713,46.450658779241735,45.11158913686475
2970,13.916444778442385,6.653982162475586,32.2111960495703,57.122168937847206
2971,9.924192428588867,5.911282539367676,14.289268910604417,78.63282663771263
2972,11.02256679534912,6.248836994171143,19.11893481824101,74.02833599030019
2975,10.76543426513672,6.234492301940918,17.884114148232307,72.5701174006995
2976,12.49461555480957,6.583006381988525,25.39370078740157,63.7772116720704
2977,15.677799224853516,6.150473117828369,42.55699079334895,44.65805523990631
2980,10.720088005065918,6.070205211639404,16.965627347858753,75.57287753568745
2981,10.015756607055664,5.698453903198242,13.22566173171826,79.8474652310453
2982,9.591669082641602,5.622779369354248,12.334900884278738,81.8914114708728
2985,10.864531517028809,6.210909366607666,18.417566241413148,72.74043179587831
2986,15.972164154052734,7.001505374908447,46.05482938727894,44.503804650422886
2987,10.382415771484377,6.183131217956543,16.702154842006646,75.19376543735628
2988,10.178683280944824,5.90355396270752,14.225533986748236,77.61171913037957
2989,14.420343399047852,7.34168815612793,37.84525647623949,54.14439737651266
2991,14.45624542236328,7.5156707763671875,38.69667715892479,53.8239671271846
2992,11.477078437805176,6.261369228363037,21.393986631710717,70.68187722903232
2994,11.349936485290527,6.22874927520752,20.473666403518664,71.5213713770159
2995,9.101709365844728,5.835936069488525,12.616157574140768,82.40407274020718
3002,17.094573974609375,6.884738922119141,53.53363629428625,37.68267564651649
3005,14.638681411743164,7.223046779632568,39.36467489641439,52.75639447115127
3024,13.736217498779297,7.091416358947754,34.01909031744884,57.1998457348085
3025,15.372384071350098,6.927644729614258,42.7268078693113,47.694916166536586
3026,15.300878524780272,7.009533405303955,42.06068999965943,48.74044978260129
3032,15.396303176879885,7.113640785217285,43.08053457869634,47.79039149443561
3033,15.323798179626465,7.037946224212647,42.46183509370398,48.10314324155393
3039,9.251479148864746,6.285049915313721,14.821906802356722,80.5757900374933
3043,11.013010025024414,6.240432262420654,18.471583136425817,74.86009202835469
3047,10.9863862991333,6.463382720947266,19.50510985200403,73.62766778764998
3050,11.088374137878418,6.229621887207031,18.62942700835013,74.66918714555766
3053,11.441844940185549,7.335647106170654,25.193976625294276,68.85926421218326
3057,10.221224784851074,7.463323593139648,22.219081793157688,73.92597325992922
3083,10.011981010437012,5.9228835105896,15.026919625689017,79.26654702388582
3084,10.891695976257324,6.268438816070557,18.98415586384656,74.39011447198848
3086,10.140402793884276,6.782718181610107,18.454034391534396,75.45138888888889
3089,8.60994815826416,5.317627906799316,9.91356793465356,85.51075651802252
3090,9.626829147338867,5.794460773468018,13.302704613017898,81.07186661954556
3091,14.917365074157717,6.481999397277832,36.90698700044102,51.18760106684588
3092,14.381202697753906,6.836155414581299,36.32984642777654,53.65679946583575
3093,9.59123992919922,5.581302165985107,12.409245177643168,81.23039910641405
3094,12.616597175598145,5.869773387908936,20.86143363693249,62.65035110894807
3096,10.88412857055664,6.913886547088623,21.65872923684516,72.18492275525612
3098,15.880056381225586,7.294339179992676,45.8700220566526,45.95599089945987
3099,17.381515502929688,6.343444347381592,53.66421397684474,34.3998465615846
3100,16.072269439697266,7.108094215393066,46.82326095855216,44.17909927799406
3103,18.474069595336918,5.833051681518555,61.04234075590524,25.8373164236331
3104,15.489651679992676,7.289254188537598,43.56164617924569,48.04064978058357
3105,18.86935806274414,5.695143222808838,64.46030019577985,23.714596475962583
3107,12.049506187438965,7.313005447387695,27.847982922230702,65.54996338252022
3108,12.13998031616211,7.098458766937256,26.6293994566066,66.37362980544019
3110,10.923343658447266,5.409836292266846,14.152251893184536,78.36747708250299
3114,16.005435943603516,6.851795196533203,45.73898501665565,44.46857004140312
3115,14.351503372192385,5.930389404296875,31.47629310344828,55.37850215517241
3116,16.15178108215332,6.941738605499268,46.80675452601954,43.85164939247152
3117,15.852516174316406,6.625994682312012,42.56980346643391,46.18682678381308
3127,15.159235954284668,7.601565837860107,42.92609267596762,48.6400607711263
3128,17.133329391479492,6.591554641723633,52.65477991973157,36.600152265656575
3138,17.12428855895996,6.316002368927002,51.37349083563723,36.96556731547935
3140,14.0936279296875,6.624022006988525,32.47338403041825,57.2842205323194
3150,17.278980255126953,6.544102668762207,53.65164898246394,35.74060700331463
3163,15.304646492004396,6.709624767303467,41.50102845566271,47.514651617104406
3168,14.15549659729004,6.92496919631958,35.90438511780526,55.02216961050019
3169,16.8482608795166,6.702306747436523,51.02024412369241,38.95874240701827
3170,14.748685836791992,6.682088375091553,37.91712543406454,51.935292623020246
3171,12.999800682067873,6.548711776733398,28.479965470110063,61.49095131902125
3172,18.865982055664062,5.553406238555908,62.61363219262721,25.230934873306985
3179,8.581177711486816,5.74055814743042,11.245460371715446,85.03453677989033
3180,11.310909271240234,7.308937072753906,23.72652042558781,71.16248522264547
3181,12.146684646606444,7.096520900726318,25.83232525114396,67.65634039867459
3182,11.55959415435791,7.012704849243164,23.335373926908787,70.60121581412565
3189,15.351951599121094,6.215827465057373,38.58333045251841,46.63232735276155
3195,15.25861644744873,6.197675704956055,37.76513191929643,47.16100477093752
3203,13.889334678649902,6.519316673278809,31.948839182881738,56.77517124325635
3205,16.91537857055664,6.423304557800293,50.43271100739012,37.05391870867366
3209,15.447136878967283,6.668761253356934,42.520887352348026,47.06424661480841
3211,14.74663257598877,7.646395683288574,40.673293947878,51.50408860494085
3217,13.357465744018556,6.490338802337647,29.31174679954964,60.21746382552854
3219,15.63246726989746,7.241209030151367,43.814735800636925,47.49528491481928
3220,11.76330852508545,7.209021091461182,25.333678220382826,68.47732367649596
3223,11.537294387817385,7.323726177215576,25.772308975729292,68.1135239882861
3226,8.26114273071289,5.484558582305908,10.124426644759362,86.19583076607105
3229,12.76463222503662,6.202241897583008,26.187509797935625,63.27857490573354
3230,9.575650215148926,5.954726219177246,14.586341887777293,79.92083514571553
3231,14.04136848449707,7.573186874389648,37.90594529595776,54.26139086639422
3232,10.448277473449709,6.518191337585449,17.64561317276972,75.91019204437734
3233,10.689268112182615,6.673748016357422,19.50535012297925,74.81868443734365
3234,10.04682445526123,5.718329906463623,13.556211190778416,80.05677724793303
3235,9.046504020690918,5.51072359085083,11.023030491438046,84.15585088469211
3236,8.721146583557129,6.143950939178467,13.802295511707818,82.4258741011017
3237,9.56672477722168,5.666252136230469,12.291561718223036,82.09373212318883
3238,9.800989151000977,5.982223987579346,15.115174237949718,79.13424582488038
3240,13.828807830810549,6.664388656616211,30.662151641074225,57.50748074704287
3241,10.838294982910156,6.687375545501709,19.505139560394912,74.37126721651161
3242,10.278629302978516,6.198844909667969,16.30611960715251,77.68731109163438
3243,10.108339309692385,6.487537860870361,17.543316831683168,77.15851354872329
3244,8.0044527053833,5.265644550323486,9.037379651954272,87.09098066230379
3245,10.158266067504885,6.438625335693359,17.684173918803666,75.86301120320613
3247,10.401249885559082,6.704160213470459,18.67251109064151,76.73347520884288
3248,11.610435485839844,6.483335494995117,22.627215308398167,68.92524557789544
3250,11.61934757232666,6.514210224151611,22.760023589945213,68.82110103505158
3251,9.291611671447754,6.436168193817139,15.221226869411794,80.68750372902159
3254,12.758971214294434,6.238672733306885,25.246364371667685,64.19256862712732
3255,7.827498435974121,5.095662593841553,8.207693329201895,88.66628303306626
3256,9.034161567687988,5.64454460144043,11.158187154937451,83.64403522258719
3258,10.090456008911133,6.317664623260498,17.065682321142727,77.2268047549487
3268,13.591124534606934,6.770501613616943,33.2555454567786,57.22813137144121
3269,12.6903657913208,7.988293647766113,33.73044649331814,60.55285058185711
3270,9.73031520843506,6.208920001983643,15.435355061515216,79.87653788042304
3271,8.04430103302002,4.875777244567871,7.410922709899187,89.0345364218591
3272,12.320414543151855,6.635613918304443,24.545790836548115,66.44823759446177
3273,12.518004417419434,7.908223152160644,32.48499063555688,61.64341600882183
3274,11.269364356994627,6.150546550750732,20.260410721968096,72.54010202200234
3275,9.119939804077148,5.45940637588501,10.759682835492889,84.03628755779813
3276,10.57726001739502,6.465356349945068,18.42040736260503,76.62650799359206
3277,13.063309669494627,6.869250297546387,30.001860254450456,62.10095520022
3278,11.611915588378906,7.087601184844971,24.49403090744855,68.92572609718187
3279,11.420910835266112,7.406543254852295,26.317148093652392,67.4875448514417
3281,12.037940979003906,6.9745025634765625,24.67831881889284,69.09511671002149
3282,11.726322174072266,6.0607686042785645,20.032727585909917,71.75178709844113
3283,9.297945976257324,6.370937824249268,15.315741040117391,80.25219489143682
3287,11.467187881469728,6.277596950531006,20.02495321272614,72.7386150966937
3291,12.555038452148438,6.0631937980651855,24.57039684987933,65.95474423415413
3292,13.30760383605957,6.546265602111816,30.243656104027263,59.25766948617599
3299,11.540053367614746,6.5191969871521,22.87380747841027,69.39820047926935
3300,12.714497566223145,7.470219135284424,30.35272224403736,63.10074607754426
3301,11.339570045471191,6.092701435089111,19.8278218092375,71.33516934008873
3302,12.565003395080566,6.434043884277344,26.681541003682234,63.9543369037334
3304,12.472482681274414,7.018921375274658,28.078905883856677,64.10208342209536
3315,13.158409118652344,6.769088268280029,30.036639953793948,60.52992563713811
3316,13.026895523071287,6.344594955444336,28.102199016473644,61.62981957436758
3322,17.190265655517578,6.790685176849365,53.93862865841002,36.154258631426
3323,12.999930381774902,6.659076690673828,27.10851509217368,62.22482949557702
3324,12.416692733764648,7.187424182891846,28.31289997421412,64.46939684474555
3339,11.41109848022461,6.165412425994873,20.086953735058167,71.76033243246131
3340,15.979714393615724,7.291806221008301,45.76004041424602,45.90856276837585
3341,12.650079727172852,6.627256393432617,27.68406236466003,62.94066695539195
3342,13.277362823486328,7.113975524902344,30.484286048506583,61.94923184902129
3348,12.455387115478516,6.689070701599121,24.90039210726031,66.82899064002024
3350,10.265023231506348,6.070390224456787,15.960667305514416,77.3651886052792
3352,16.02234649658203,7.255677700042725,45.84603273923663,45.778414710453546
3353,13.31244659423828,7.276419162750244,31.78310426106704,60.58808967721798
3354,13.6011381149292,7.068296432495117,31.910417971195997,60.057921102066366
3358,12.45657444000244,6.602141857147217,24.64213326577147,67.18235368634406
3360,12.524117469787598,6.622189998626709,27.102854533991348,63.52479509533231
3361,15.957902908325195,7.295252323150635,45.63109765421905,46.02053195502136
3363,13.288196563720703,7.131620407104492,30.6026383971836,61.85004252289313
3367,12.47424030303955,6.605838775634766,24.759158321713777,66.77493978958043
3369,10.23896312713623,6.074577808380127,15.914144937647162,77.44723990581669
3371,13.730055809020996,6.344203472137451,29.43849330629665,60.15839818245517
3372,13.579150199890137,6.868956565856934,31.675932984994144,59.270347161531454
3448,16.29679298400879,6.939786434173584,46.73160452414742,44.04915494774868
3450,17.869129180908203,5.746400356292725,55.39655643618475,29.545777534845584
3451,15.976688385009766,6.070085525512695,41.89963535335996,44.04699890027204
3456,9.795483589172363,5.940181255340576,13.806414796663368,81.30024672294859
3457,17.81268882751465,6.971553802490234,57.24888585605849,35.11764854550509
3460,17.455671310424805,7.17527961730957,54.4914072510741,37.6526343559207
3464,8.701360702514648,6.192562103271484,14.32558969099746,81.58648058144202
3488,15.532432556152344,6.981107234954834,42.80669400247199,47.71144376213925
3490,14.832435607910156,6.871484756469727,38.24274188799246,52.21129497673871
3492,13.266033172607422,6.943740367889404,30.638636424930557,60.77564119852208
3493,15.693961143493652,6.636986255645752,43.53872036170549,43.55186372956207
3494,16.442745208740234,6.5649824142456055,48.59455753612488,41.29311254087122
3495,15.483220100402832,7.044033527374268,42.6558063645824,48.29194342022432
3496,17.63520050048828,6.295823097229004,57.50680340093172,32.18431450930952
3502,18.2573299407959,6.623033046722412,59.353066410274025,31.687384108234323
3503,18.504079818725582,6.54645586013794,60.66710659013659,30.29371116949089
3506,17.83922576904297,6.763940334320068,57.77744763036696,33.240892058304034
3508,14.211968421936035,6.883041858673096,35.53582320649369,55.37465396706236
3509,14.10177516937256,6.722381591796875,34.18389541406232,55.12397829521258
3510,14.270463943481444,6.691385269165039,33.77467325431402,56.55803538832234
3511,12.63779067993164,7.504551887512207,30.42586114101184,61.97524219590959
3512,16.629281997680664,6.899331569671631,49.679942299456805,39.91254761421777
3513,13.762090682983398,7.355790138244629,34.326177549766726,58.08470721057263
3514,15.587773323059082,7.297964096069336,43.9452573535518,47.74535368466508
3515,13.8497953414917,7.2561116218566895,35.309050219616886,56.69121699483942
3516,13.95952606201172,7.122881889343262,35.71112013886324,55.67271115707057
3517,14.791062355041504,6.967906951904297,39.6867829008067,50.26140853067115
3545,15.078776359558104,7.040584564208984,40.990577499392536,50.15389184373228
3546,14.84891128540039,7.053029537200928,39.91635310359763,51.24793589778295
3547,15.51242446899414,6.949618816375732,43.27208842690872,47.45919039601786
3548,10.631041526794434,6.629308700561523,20.556904183921176,73.38569184635156
3549,11.782623291015623,6.1825103759765625,21.79437229437229,68.85714285714286
3562,12.329046249389648,6.777517318725586,24.81530363021284,65.48643031599387
3564,11.509479522705078,5.665055274963379,16.34077141323518,75.27988651177057
3566,13.304080963134766,6.670909881591797,29.538328618608997,61.22406320982149
3567,11.847472190856934,7.094382286071777,25.08615137785712,68.50192640130159
3568,14.094533920288086,7.033234119415283,35.28224518733314,56.06070283458733
3569,14.34316062927246,7.089761734008789,36.752637003295455,54.70716221546448
3570,13.586999893188477,6.605182647705078,29.67774100181418,58.49547840296916
3571,13.800809860229492,6.92095947265625,33.26484047045773,57.62350775902277
3572,12.324256896972656,6.761901378631592,26.329859988560344,65.52311556539256
3573,15.461169242858888,7.099914073944092,42.72681258718813,48.38833129637174
3574,14.445550918579102,6.630965709686279,34.70912973282642,55.61949898442789
3575,14.75511074066162,7.005935192108154,38.92545574875158,51.53721196077253
3576,14.805767059326172,6.9096503257751465,38.178061788305385,52.556094748474514
3577,14.992164611816406,6.851071834564209,39.04510625993928,50.80357573129006
3585,17.388391494750977,5.825018405914307,52.85672463258974,32.26769717196557
3588,16.04978370666504,7.1357622146606445,46.78265475547769,44.47545609192124
3590,14.703107833862305,7.295716285705566,40.34055959792964,51.45150401320231
3592,15.952502250671388,7.216437339782715,46.4928556399319,44.87748426710534
3594,16.343015670776367,7.06719446182251,48.09799671858859,42.832546739856994
3596,14.277576446533203,7.394117832183838,37.906013118102194,53.52990848749067
3599,14.401747703552246,6.987766265869141,36.799583296391525,53.90105505807252
3602,16.0714168548584,6.877787590026856,45.69156145231472,44.609101933090805
3603,16.04543685913086,7.249635219573975,46.88918009701143,44.53332811766547
3606,15.660648345947266,6.869004726409912,42.942727519485054,45.89747566792043
3607,16.668607711791992,6.685503005981445,49.04626306756124,40.49773755656109
3608,15.140213966369627,6.887778282165527,42.2840147398117,47.62993012804391
3609,16.137712478637695,6.691783428192139,46.65919234169164,42.40960738233328
3612,17.000823974609375,7.40281343460083,52.89691341390104,38.80723865591509
3613,14.490982055664062,7.392522811889648,39.32564477188184,52.69358699368958
3616,16.382862091064453,6.349578380584717,47.81836804370092,40.6691703653124
3617,14.280753135681152,6.803202152252197,36.94687827189067,53.076266049484765
3626,11.413535118103027,6.561374187469482,22.26127254786745,69.94578533654112
3630,10.989078521728516,6.688680171966553,20.94667876668364,72.66539764049669
3631,12.219952583312988,7.013228893280029,27.402248462136747,64.08470621508874
3632,14.266716003417969,7.104799270629883,36.84601280133188,55.40794402510771
3642,14.546009063720703,6.2059760093688965,33.58141144909351,55.14906321665008
3643,14.321989059448242,6.242426872253418,32.837080475190966,55.95395235107004
3644,13.170090675354004,6.7785258293151855,29.401801438009667,61.3969557268006
3646,14.505422592163086,6.188665390014648,33.31604706187405,55.51594118346136
3647,10.409713745117188,6.4113383293151855,18.149243618643077,75.01791600974632
3649,15.574663162231444,7.221806526184082,44.42523266878641,46.28658296005756
3650,15.40639877319336,7.064791202545166,42.51256281407036,48.230737018425465
3651,13.304280281066896,6.659440994262695,29.5489092037937,61.2965381404012
3652,15.80299186706543,6.949851036071777,44.4351230425056,46.13018413353984
3656,13.589591026306152,7.1128644943237305,32.60055031906797,58.960248229026405
3659,13.640573501586914,7.065969467163086,33.35295664917269,57.8140461189674
3660,14.122684478759766,7.016854286193848,35.36399520335765,55.36999100629559
3661,15.039838790893556,6.37680196762085,38.423182450293794,48.427066237362034
3662,14.595050811767578,6.658084869384766,36.14069175104934,53.62253857938198
3663,17.302743911743164,6.573156356811523,53.82610346791873,36.22930727934957
3669,15.618844985961914,6.910606861114502,44.00302239642979,46.02779187967084
3670,14.657110214233398,6.846617221832275,37.59496226748442,53.05015017288811
3672,13.34653091430664,6.974287509918213,31.39567502957713,60.44225444876752
3673,13.479275703430176,7.190018177032471,33.38381910986023,59.14826122215332
3675,13.566697120666504,7.016534328460693,32.24828324266477,57.86141086239187
3677,13.32925033569336,7.749399185180664,34.66961269036036,58.49475363381455
3678,13.141746520996094,7.6094841957092285,33.352504193625684,59.560987299305054
3679,16.238121032714844,7.527981281280518,50.02681454603544,42.78916920549071
3681,13.426435470581056,7.2063446044921875,33.13023948766983,58.98912632585444
3699,10.854053497314451,5.572957992553711,14.27350930945086,76.95469007777515
3702,10.695185661315918,6.335365295410156,18.163628279235216,75.48540091892693
3703,13.958885192871094,6.976714134216309,33.62490306058037,57.94181831298357
3704,14.05627727508545,7.38686466217041,36.56273326804681,55.61932024407113
3708,17.226545333862305,6.345709323883057,52.2248046348693,36.12991781191053
3709,14.286243438720703,7.04141092300415,35.519728253292264,55.77208258869158
3711,14.48951244354248,7.116292476654053,37.43208499078297,53.00887746191908
3712,14.281302452087402,7.167372226715088,36.37341074644518,55.2285209974106
3713,13.46132755279541,7.280662536621094,33.280185038184655,58.94944296937016
3716,12.630672454833984,7.585865974426269,31.04540514750709,63.12190208603917
3717,13.053431510925291,7.182520389556885,31.231794706838933,61.16799799853464
3718,14.17863655090332,7.382011413574219,37.29115189015668,54.80324985112834
3720,14.803924560546877,7.340662956237793,40.395254849130886,51.05614920805158
3721,12.850632667541504,6.712233066558838,28.074707733134968,63.18794543681708
3727,12.849326133728027,6.111631870269775,25.026456103219505,62.987911595913545
3747,10.97878360748291,5.752897262573242,16.81705967481059,75.33838426832384
3748,12.872464179992676,6.676989555358887,28.227735258305792,63.09466863802401
3766,13.051749229431152,7.026498317718506,29.83984572671198,62.49572602814667
3767,14.427983283996582,6.680849075317383,36.17493696997479,53.546871418748566
3780,11.202191352844238,6.271232128143311,20.855454056958624,71.62815690488983
3781,12.827990531921388,6.67633581161499,27.962979113068503,63.45659093882179
3801,13.13699722290039,6.88329553604126,29.514617129649444,61.73222616958438
3803,14.079021453857422,6.618335723876953,33.822905170218185,56.03828847949741
3806,13.482026100158691,6.821147918701172,31.174275772439525,60.08748026104334
3807,14.88372802734375,7.056878089904785,38.9454788939068,51.9425013890274
3820,10.32894515991211,5.937803268432617,16.749645157768313,77.16453761327656
3821,11.06832504272461,6.211747169494629,19.051573702247545,73.97346677038875
3830,12.36068058013916,6.087050437927246,22.235442428363008,69.03638861740251
3832,14.843568801879885,6.9406609535217285,38.38455032421765,52.17648717225825
3833,16.3758544921875,7.510919094085693,48.6098200727072,44.33666191155492
3851,15.52581787109375,7.008074760437012,44.060642604875525,46.76421003408686
3852,17.9346866607666,6.245630264282227,56.95153848744401,32.74996912921947
3853,16.857694625854492,6.297216892242432,48.61008068255588,40.41315032922193
3856,16.53293800354004,6.103435516357422,46.94216707290051,40.58117818365991
3857,14.18838119506836,6.770229339599609,34.43729681123332,55.51774227018053
3858,16.632286071777344,6.584683895111084,48.85180714336434,40.17609884257616
3861,16.990400314331055,7.391863822937012,55.71372049061415,36.505033630808455
3862,18.57122611999512,6.44473934173584,64.13161239688458,25.911297271013368
3863,15.956292152404783,6.807823657989502,46.21968739722708,43.72890450556488
3869,11.421140670776367,6.404080867767334,20.092936802973977,72.58983890954151
3871,16.20748519897461,6.826922416687012,46.68455848661387,43.3412973751391
3872,14.429598808288574,6.734510898590088,35.36816298926367,55.206695409586615
3874,13.086369514465332,6.309352397918701,27.7032863077366,61.38588409492864
3877,16.175241470336914,6.298008441925049,42.79578329007987,45.98446898827128
3878,17.07924461364746,6.282715797424316,50.39650950715934,37.99437732388832
3881,17.459999084472656,6.464157581329346,55.841570565623286,33.89209225700165
3882,17.419828414916992,6.568117618560791,54.68811192588692,36.21520884819511
3883,18.15426445007324,6.269405841827393,58.68507211751173,31.998643187918475
3884,17.764490127563477,6.385934829711914,55.53418346750255,34.314074707321126
3890,15.806533813476562,6.3863911628723145,42.32755778599949,44.24154730942526
3891,14.0712308883667,6.600063800811768,33.698131731685486,55.39112355981635
3892,17.799087524414062,6.61378288269043,56.9787733150246,32.80838768737842
3893,17.918197631835938,6.605889797210693,57.99876200210172,32.03391538428318
3894,17.884273529052734,6.615036964416504,57.66137671947092,32.29534189438199
3895,16.03032875061035,6.652013301849365,43.3818002747324,44.2241401653578
3896,13.99431037902832,6.114883899688721,30.238968198247395,58.168863925943256
3897,12.7406587600708,6.12424373626709,24.686653445839976,63.89547769957616
3898,10.407212257385254,6.671787261962891,19.96539254189836,73.76443597620252
3899,14.88529109954834,6.106882095336914,34.83656997758748,51.0590887302595
3900,14.447810173034668,6.162432670593262,33.358351881567366,54.89543972255293
3901,17.0037899017334,6.389754772186279,48.88491724298702,39.259719739943534
3903,11.496133804321287,5.907485008239746,18.697789629330064,73.49956399206339
3904,12.755657196044922,6.772270202636719,27.2547213846872,63.61159120441041
3905,14.991836547851562,7.011258602142334,40.58259773013872,50.72005044136192
3906,12.986756324768066,7.364822864532471,30.666280198107145,62.77173570591423
3911,13.931032180786133,6.446462631225586,31.57833535750278,57.34773508359389
3912,13.795384407043455,6.183939933776856,29.32302592391164,59.82052676559708
3913,12.996065139770508,6.525493144989014,26.91372082190363,62.96257957662647
3915,14.2985258102417,7.243105411529541,36.53005422273029,55.14034572783588
3916,14.63284969329834,8.335678100585938,42.79386973180077,51.72107279693486
3917,14.321324348449709,7.043415546417236,36.660312728419306,54.681610365040925
3918,14.209250450134276,7.399545192718506,37.214798264082845,55.13971841475816
3919,15.988512992858888,6.604927062988281,44.03209370122415,44.686093159449456
3920,15.033197402954102,7.150369167327881,41.01068370540912,49.76718317510412
3921,14.142508506774902,6.881051063537598,35.234608468414855,54.8157155978732
3922,15.21254062652588,7.273590564727783,41.68626326355033,50.32214893413632
3923,14.71938133239746,7.510369300842285,38.60736467347522,53.41077414828097
3924,12.923162460327148,6.350580215454102,26.82313604022757,62.92686719975117
3925,14.681544303894045,7.247243881225586,38.53704015435016,51.6904709492794
3927,10.09941577911377,6.649254322052002,17.541602454438774,78.27623746977902
3928,12.289383888244627,7.082611560821533,25.94570864125265,67.17348357357137
3974,16.660175323486328,7.142544746398926,51.276283123068346,40.301970917566
3978,16.78789520263672,6.77208423614502,49.6962332928311,40.555616922567104
3982,17.112733840942383,6.928479194641113,52.56623257757395,38.83721161594556
3986,17.424713134765625,6.45542049407959,53.38085349634849,36.38675657388181
3990,18.17635726928711,6.343667984008789,58.09009122233743,32.00217844387889
3995,15.2362699508667,6.916402339935303,39.57635754840588,49.52140049497744
4000,16.961769104003906,6.786384582519531,52.7562935621109,37.9182716968228
4005,16.269784927368164,7.021280288696289,47.15040708470218,43.87230395657763
4010,17.097183227539062,7.143704891204834,52.98094719651606,38.67936853565596
4015,17.06624984741211,6.712413787841797,52.14003501792147,37.86152337125414
4026,17.12154769897461,6.847646713256836,52.70155368323414,38.17538842080853
4041,14.20699977874756,6.673385143280029,34.45280711740772,54.717180022347314
4054,19.347070693969727,6.267864227294922,66.25897333453622,24.526040391282493
4067,14.680501937866213,7.280706882476807,39.43807944524007,52.19529660058792
4069,16.553747177124023,6.655021667480469,49.54843408594319,39.55753823743627
4077,14.542165756225586,6.92822265625,37.02920742298199,54.14914526007861
4080,14.79737949371338,6.886445999145508,39.01507028249468,50.7164720332209
4081,12.907416343688965,6.742456912994385,26.70732685980258,63.72147767701897
4082,13.798839569091797,7.284981727600098,34.567924945024345,58.008200735569496
4085,14.149652481079102,6.854736804962158,36.57925853794255,54.59240453502121
4087,12.493760108947754,6.519956111907959,25.14212037742484,66.34530856238645
4090,13.630959510803224,7.064638137817383,32.3221465822684,59.82987645474209
4091,13.446223258972168,7.087032318115234,31.5263675073698,61.035047494267936
4097,13.333050727844238,7.0437846183776855,31.047902073162103,60.58633458336281
4100,12.321182250976562,6.553032875061035,24.258218638868527,68.54385536281457
4101,14.546937942504885,7.247286796569824,38.70207094525323,53.91121591142095
4102,12.789691925048828,6.999054431915283,28.4484993001918,63.58509149344253
4105,14.98902416229248,7.04800271987915,39.19632670882688,51.8049549993662
4106,12.510540962219238,7.035495758056641,27.35418186431539,65.67921595990993
4108,14.933984756469728,7.194753646850586,40.2066095105174,51.16763034592763
4111,12.335017204284668,7.071532249450684,26.847499258882817,66.25799347816881
4218,16.94747543334961,6.962399005889893,53.16841298236648,38.522872476360845
4219,16.64512062072754,6.888669490814209,51.11695541388238,40.09885285660196
4234,16.731950759887695,6.836158752441406,50.84062264860798,40.2193848758465
4239,14.654672622680664,6.843040943145752,38.51102839046614,52.39957775431968
4243,17.015745162963867,6.923058032989502,53.19383383743549,38.27203526091503
4245,15.668254852294922,6.969076633453369,44.26294352209192,46.23747875263254
4249,14.854971885681152,7.150375843048096,39.674648742006255,51.70611025533305
4252,16.554269790649414,6.960306644439697,49.72555765552676,41.10863389957108
4258,16.443632125854492,6.47403621673584,48.550665753456464,40.1042452665916
4261,17.630474090576172,6.788417816162109,56.60318703081103,34.67738221342053
4275,7.941271305084228,5.75462532043457,10.4809606486742,86.59746020780118
4277,7.834487438201904,5.771187782287598,10.293403371170555,87.30774074007448
4288,7.921513080596924,5.6514892578125,10.053064424953044,86.76307007786428
4298,10.855317115783691,6.563226699829102,18.209522986145632,74.66012492705384
4299,8.271077156066895,5.998556613922119,11.308582011750133,85.74897891599514
4300,7.704088687896728,5.343966484069824,9.27637725990366,87.21391184448053
4302,10.390798568725586,6.665742874145508,18.43815502585871,75.9298075606442
4303,8.258118629455566,5.726879596710205,10.840992730371095,85.57767263102555
4321,15.905662536621094,6.848014831542969,44.592286149233615,45.45803167815184
4325,16.432533264160156,6.891709327697754,47.78411533055307,42.462507115226
4329,14.485575675964355,6.8730950355529785,36.56509390343248,54.07758867434333
4337,14.53386402130127,7.028176307678223,37.65619834710744,53.074380165289256
4345,17.14193344116211,6.862106800079346,52.364354058702,38.44369293983218
4349,16.728208541870117,6.917100429534912,49.95702405536641,40.821566110397946
4353,12.327692031860352,6.61801290512085,25.660012878300066,65.72187471253794
4361,11.528983116149902,6.623049259185791,22.483616598675056,70.44208423030722
4362,11.058231353759766,6.227039813995361,19.022433622036065,73.8298073737517
4387,8.711353302001953,6.15736198425293,14.544581783271331,81.73326933077323
4392,11.267966270446776,6.408129215240479,20.827429866817795,72.65950258299367
4393,11.549555778503418,7.399955749511719,26.426360017691287,68.18181818181817
4397,14.163515090942385,7.164670944213867,35.4865332742864,55.34039212528685
4401,13.396862983703612,7.146106243133545,32.82003477762042,59.08072351791765
4404,14.257861137390137,7.18186616897583,36.66865604834197,54.73535006900667
4408,15.811678886413574,6.483331203460693,43.61193181115795,43.726898495543495
4465,14.803820610046388,7.1663103103637695,38.88365668361901,52.80027626043825
4468,19.094667434692383,6.155107498168945,67.09638978414539,24.57817620453376
4469,12.103836059570312,7.069746971130371,25.9933979144814,67.22403899549577
4474,14.90079402923584,6.806700706481934,39.08437822197094,51.10752652409618
4475,16.04474449157715,6.935107231140137,45.86901518100428,44.560140132347215
4479,13.33751392364502,6.768414497375488,30.07619176050165,60.218461330995886
4480,13.571480751037598,6.90818452835083,32.37229022772345,59.46385830540929
4483,15.531397819519045,7.114721775054932,44.66021308505873,46.30022788804269
4484,12.370024681091309,6.699645519256592,25.105735298079257,66.77487136661189
4485,14.357529640197754,7.244161605834961,36.897791059241605,55.03102747378481
4489,15.979485511779783,6.625401496887207,46.61801510487032,42.38444331244048
4561,12.413958549499512,6.442935943603516,23.974228552051542,67.51764116972663
4565,12.658390045166016,6.4754180908203125,25.220040622884227,66.35071090047393
4569,12.309454917907717,6.790427684783936,26.5121040712284,65.22858649679948
4578,12.6201753616333,6.507124423980713,25.174339768838383,66.40085232775877
4581,13.063178062438965,7.162085056304932,30.863317366603543,61.25208867104824
4611,17.080060958862305,6.618592739105225,52.040946488934246,37.036800816378594
4612,16.88934326171875,6.568449020385742,50.643749195313504,38.0359212050985
4613,17.25796890258789,6.52951717376709,52.99504132231405,35.656198347107434
4614,17.40336036682129,6.556230068206787,54.24231070540549,34.99097380700977
4620,13.114709854125977,6.87080192565918,28.48356578209512,63.2387257828187
4621,13.992175102233888,7.041224002838135,32.73149049380313,57.230225163844
4624,12.815566062927246,6.409008026123047,25.73827320983642,63.05492362690933
4625,12.780797004699709,6.416114330291748,25.60475515323372,63.45075798887556
4629,14.181767463684082,6.787350654602051,36.186725110906416,52.328770024034135
4630,13.001265525817873,6.890450954437256,30.544210286889705,60.1865129204205
4631,11.48607349395752,6.432666778564453,21.07526249804106,70.64625450556339
4634,19.95853805541992,5.750082492828369,72.38980911409362,19.435070455189468
4635,8.925251960754395,5.912323474884033,12.34460517335974,83.64490358495364
4636,12.830122947692873,7.222470760345459,30.814020239793997,61.70840919155637
4637,11.950955390930176,7.042737007141113,25.87385828605653,67.02048014374365
4638,11.648951530456545,6.859040260314941,23.93005062126093,69.23687258993606
4639,13.705965995788574,7.150870323181152,33.54618015963512,57.68529076396808
4640,14.79915714263916,7.031604290008545,39.3497952268513,51.305345446298745
4641,16.237327575683594,6.958498477935791,47.63485145347675,42.93121143055167
4643,18.1060733795166,6.738406181335449,59.88372923481266,31.90018426202346
4645,13.071285247802734,7.142010688781738,31.439746184563205,60.65860729719381
4646,12.289274215698242,7.007761478424072,27.675460428073663,64.1170289253913
4647,13.924832344055176,6.820103168487549,34.374090440028574,55.40973196094515
4648,14.713227272033691,6.97798490524292,39.71688478255706,50.328955181340994
4649,13.389151573181152,6.78402853012085,31.321635771897554,58.301495212489975
4650,13.333501815795898,6.828685283660889,32.0869327093032,58.52025193557221
4651,13.228537559509276,7.028488636016846,31.910569105691057,59.284262485482
4652,13.188855171203612,6.927680015563965,31.225402723117163,59.38302085115744
4653,15.477340698242188,7.019410133361816,42.67203061670358,48.36444725700252
4654,14.395071029663086,7.21397066116333,37.93127848065439,54.57813251818517
4657,18.13171768188477,6.675043106079102,59.41295848628645,31.55907720774763
4658,15.327454566955566,7.032097339630127,42.09432699280415,48.72956992246332
4661,14.533531188964844,6.716129779815674,36.03573947801552,54.316168978760096
4665,13.47480583190918,5.814828872680664,25.617056170561707,64.17220172201722
4669,14.543362617492676,6.152958869934082,35.48801479844822,50.245356216119006
4670,14.126265525817873,6.133835792541504,32.77511651153432,55.80870039334813
4671,18.543621063232425,6.15484619140625,61.30077188926219,26.99685704996207
4672,11.852643966674805,5.826394081115723,18.816217318791026,72.168028508693
4673,18.47606086730957,6.11144495010376,63.10323362710088,27.053369590145135
4675,17.788042068481445,6.241097927093506,57.244458877973535,31.71145571161809
4678,12.764873504638672,7.113173007965088,29.459526083875144,62.91791205743691
4679,14.862577438354492,7.246638298034668,39.15991780490753,52.38003142753536
4681,16.92138671875,6.1857781410217285,48.12487398346663,36.10541703071444
4684,15.3749361038208,7.090579032897949,41.81522784292488,49.3440466848661
4685,14.53968620300293,7.185532569885254,38.37563912161166,53.29622365571893
4687,14.546789169311523,7.012423515319824,36.95872372752596,54.25424158014688
4690,13.95106601715088,6.59751558303833,33.05758968034836,57.21098754788226
4691,14.05978012084961,7.396615982055664,34.71841466280254,58.24488916738466
4698,12.959102630615234,7.045156002044678,29.235871922439088,62.57175660160736
4699,11.748204231262209,6.578530788421631,22.951194132128627,69.0312428618563
4703,14.405292510986328,7.16823673248291,36.76422822909524,55.43325273376881
4704,14.364141464233398,6.734507083892822,34.963773881127416,55.26206918499188
4705,13.03144645690918,6.925209045410156,29.45204782498092,62.5723734418723
4708,14.48288631439209,6.843152523040772,35.673628237546694,54.72897740871393
4709,14.163877487182615,6.693063735961914,33.93019787610974,56.28509373342274
4711,14.798094749450684,6.543980121612549,37.35151027726872,51.81879309662874
4712,13.893988609313965,6.73857307434082,32.743872755993124,57.80820012517758
4713,12.504857063293455,6.956550121307373,27.509200562631264,65.11589818686294
4716,20.17890930175781,5.961863994598389,72.01945183129033,20.86304258001632
4717,15.790669441223145,7.3975934982299805,44.88891770401106,45.83549446749654
4718,9.193230628967283,5.967588901519775,12.20329516894722,82.6057277607124
4720,17.413555145263672,6.525330543518066,54.683400037106736,35.77221765750483
4721,17.395235061645508,6.5443434715271,54.73352313546018,35.77282281882766
4723,18.041479110717773,6.735434055328369,59.39533213644525,32.27576301615799
4728,18.06951713562012,6.762706756591797,59.1770843061652,32.59242458607394
4729,18.29177474975586,6.623115062713623,59.75843196462753,30.852497910544336
4735,11.10191822052002,5.755894184112549,16.398379772841352,75.25651651160891
4736,12.464111328125,6.270872116088867,23.745873820261288,67.1265516760426
4737,14.076122283935549,5.696329593658447,27.963453299544305,59.12587929133948
4740,11.244810104370115,6.477926254272461,20.18632996515069,71.90340262332977
4741,12.477653503417969,6.455677032470703,25.00960564462608,66.29291976667015
4743,13.365047454833984,6.82917594909668,30.458941445401795,60.53455248813082
4749,15.318730354309082,6.815709590911865,39.73390635253548,49.99549648082144
4750,15.846489906311035,6.465703010559082,43.39575719568367,43.936379560149646
4752,13.929251670837402,7.026381015777588,33.50543581676794,57.34564690659529
4754,15.077596664428713,6.987411975860596,39.41653076544744,50.64197147368693
4755,15.851211547851562,6.6774725914001465,43.687035731713934,44.62831426557501
4757,13.771145820617676,6.758091926574707,31.260787897248456,59.73068331810336
4758,17.720165252685547,6.79560136795044,56.16595434170749,34.8978421765871
4759,13.387991905212402,7.452649593353271,32.43875530034161,58.80288710770826
4760,16.423707962036133,6.800665378570557,48.5509749128701,41.66326519932599
4762,13.543285369873049,7.173925876617432,32.029476301003264,60.02181550676661
4774,13.30929946899414,6.6132893562316895,30.263540636453545,60.56780499156438
4799,12.903486251831056,6.38615083694458,26.61401462949221,61.29015159546274
4800,18.50810813903809,6.061841011047363,63.02997985543311,27.16672591539282
4801,16.544004440307617,6.110219955444336,47.60402169218217,37.097470845131255
4802,18.348812103271484,6.349659442901611,60.77278454430911,27.499850002999946
4803,19.15974998474121,5.806454181671143,68.7528731857884,22.642345833059697
4828,11.746427536010742,6.788717269897461,23.627830476271495,70.13625987210573
4829,10.891409873962402,6.472295761108398,19.230934356082837,75.05330795540736
4832,14.721285820007324,6.756362438201904,37.55492810261972,52.173750444099554
4840,15.646506309509276,7.517416000366211,44.734478203434605,46.46587406428886
4844,15.949769973754885,7.322254180908203,46.01086250500974,44.29165687751351
4847,17.417631149291992,7.002386569976807,55.94742717953922,36.10829189079468
4848,17.730567932128906,6.990359306335449,56.974911160392224,34.72359526545007
4849,18.622032165527344,6.09014892578125,63.3630289532294,27.66200021211157
4852,16.478187561035156,6.963237285614014,48.52570097580774,41.975613629545975
4853,14.794132232666016,7.362121105194092,39.97300207305511,51.840840792582
4856,16.3560791015625,6.978641510009766,47.85789612443976,42.98708146585816
4857,15.53324031829834,7.202193737030029,43.752650776147256,47.636214550286994
4858,14.87148380279541,7.559486865997314,42.31254475398097,50.15344222047943
4859,14.60921859741211,7.533115863800049,39.58975940777298,52.67967304133251
4860,14.310503959655762,6.791584491729736,35.04466265441875,55.38549255622426
4861,15.166253089904783,6.778695106506348,39.98206119406756,48.67606559033831
4862,12.708748817443848,6.509895324707031,26.22502330482714,64.19365298099137
4863,17.241479873657227,6.729486465454102,53.11692793574767,37.31738180144944
4864,12.748043060302734,6.990128040313721,29.058591178406846,62.02984419574281
4870,15.89987087249756,7.17106819152832,46.35340266675457,44.85191106422956
4872,19.872543334960938,5.596599578857422,71.11987623046974,20.0728789450121
4873,19.72394371032715,5.819084644317627,69.44760040318587,21.43993288004055
4880,15.09939193725586,7.124648094177246,42.09962844007809,48.7782605957554
4881,13.293755531311035,6.670104503631592,29.98158570428197,59.85942889747646
4882,9.44778823852539,5.773550033569336,12.78162221474966,82.82038121869635
4884,13.049521446228027,7.172318935394287,30.69319740212694,62.5456050922452
4885,17.694284439086914,6.175987243652344,54.94127238141249,33.94124218726411
4888,13.26725959777832,6.700083255767822,30.595466569842834,59.39882774002802
4901,15.11863899230957,7.193973541259766,41.41420147663644,50.49898419305288
4905,14.236812591552734,6.579075336456299,35.29334543982672,53.65984400126899
4914,10.697330474853516,6.523529529571533,18.606199292698147,75.26627834408156
4916,14.048176765441896,6.7196455001831055,33.37837124610756,56.821660421174855
4917,14.224771499633787,6.687238693237305,34.157416750756816,55.90943491422805
4918,12.870250701904297,6.564988613128662,27.3462022201564,63.50303494285559
4919,14.511475563049316,6.726563453674316,35.8324296438235,54.11187500658027
4920,10.480405807495115,5.762943267822266,14.42574860814147,78.21676840920124
4921,14.49676513671875,6.750856876373291,35.87519841895571,54.19702082479212
4922,15.645834922790527,6.74867057800293,41.99087116214385,47.69996077452483
4937,15.66164779663086,6.801005840301514,42.92466408520675,47.01599947999369
4938,14.597283363342283,6.781152725219727,35.68090664900468,54.24531773190565
4939,15.381882667541504,6.777846813201904,40.60567811802583,48.93901145135917
4940,15.183701515197754,7.018170833587647,39.74746919014084,50.84452024647887
4941,14.626180648803713,6.800331592559815,35.98119989968326,53.85522808125656
4942,13.460744857788086,7.101179599761963,32.16240588889122,59.54637921271731
4943,14.519498825073242,6.914840698242188,36.29646805864435,54.68554022576599
4944,14.14030933380127,6.694457054138184,33.220473649521026,56.92552163745857
4945,13.81325340270996,6.728513717651367,31.86487737158723,58.71911152244331
4946,14.670034408569336,6.997972965240479,37.50796828845653,53.73364817425188
4947,13.89478874206543,6.758303642272949,32.742818922974024,57.94573293081943
4948,13.729394912719728,6.636735916137695,31.35519351563132,58.88770072697537
4949,12.056303024291992,6.45246696472168,23.268234356317254,68.72193436960276
4950,11.238346099853516,6.19518518447876,19.42503863987635,73.15610510046368
4953,18.58827209472656,6.146543025970459,59.85844832608672,29.457205433340167
4966,15.361090660095217,7.4272966384887695,43.3103371536664,47.850228107266055
4967,16.203590393066406,6.967392444610596,46.597840149974914,44.15282655189713
4968,15.630535125732422,7.044653415679932,43.6179005785807,47.22320620301492
4969,18.090633392333984,5.986808776855469,57.009570528543264,29.08190256336267
4977,15.46444320678711,7.176819324493408,43.48298142786526,47.92387543252595
4979,14.91706371307373,6.936379432678223,39.59586928338326,51.107336045420006
5032,14.303752899169922,7.25029182434082,37.764262959745146,54.13328184831225
5033,14.372655868530272,6.660593986511231,35.40652707036408,54.05961139407659
5045,13.143058776855469,6.979411602020264,30.25763194734386,61.04329886779478
5046,14.666680335998535,6.801004886627197,37.88645059149479,51.75542753272645
5047,15.113673210144045,6.486259460449219,39.0200080241422,49.2019467266733
5059,15.115406036376951,6.888239860534668,40.38939081735087,49.55090611296032
5060,14.058334350585938,7.305108070373535,36.20923062921629,55.55100508515067
5061,16.382997512817383,6.779811382293701,46.93143590651558,43.07498229461756
5069,16.490896224975586,5.974577903747559,47.71118104041695,39.066034024977874
5070,14.092544555664062,6.360287189483643,32.85757286911152,55.648923895048405
5073,14.85519790649414,6.720285415649414,39.40360692815904,50.77435866912684
5074,14.934813499450684,7.112630367279053,41.8320263938032,49.57683848140002
5078,14.06393337249756,7.1931023597717285,35.68617249881246,56.04401818634215
5079,16.81779670715332,6.848070621490479,50.52529874283683,40.15703433876771
5086,17.725662231445312,6.661203861236572,57.066802593945575,34.08518109478096
5087,18.59208869934082,6.517191886901856,62.36601995644314,29.27277126955433
5094,16.841218948364258,6.2519731521606445,49.89413962499136,38.614820452501206
5095,17.56998062133789,6.824043273925781,56.90370780298838,34.831211953514114
5098,15.173102378845217,6.649056434631348,40.98663787285734,47.55702523957349
5099,17.819128036499023,6.737616539001465,57.33094120894287,33.95252553132762
5102,18.12799644470215,6.642171859741211,58.89204828893545,32.27077721241145
5103,16.29668426513672,6.925184726715088,47.304950194670575,43.11068412802751
5105,15.93780517578125,6.880649089813232,46.48885845096324,44.52053925858286
5106,15.855786323547363,6.920302867889404,46.25174825174825,44.72727272727273
5109,15.3175048828125,6.84021520614624,41.36286279912477,48.93779594104912
5110,16.018169403076172,7.010429382324219,45.76975373923553,44.97766170979647
5145,16.00916290283203,6.921138763427734,46.14567182899849,44.213717053115694
5147,17.23261070251465,6.437789440155029,53.01013277428371,36.24912648497554
5149,16.603208541870117,6.765622138977051,48.94242068155112,41.39492753623188
5150,17.201454162597656,6.794905185699463,53.65984549986583,37.65481789038117
5151,17.36324119567871,6.80283260345459,55.11106347632701,35.90069933817422
5153,13.722611427307127,6.899563789367676,30.788011963620825,61.43156524039146
5154,17.366445541381836,6.609902381896973,54.369261674706806,35.72509796709437
5156,16.7871036529541,6.547337532043457,50.126035289881166,38.62219883105731
5158,13.456016540527344,6.5969719886779785,28.98131304779229,62.026624772614525
5160,15.624091148376465,6.696930408477783,43.60225140712946,46.171913001181295
5161,16.83419418334961,6.950357437133789,51.08246477582049,39.719052790432
5162,16.777633666992188,6.687769889831543,51.116012227976384,38.98574798643197
5163,13.464731216430664,6.683748245239258,30.39908733473221,60.944853016073495
5168,12.915782928466797,5.947414875030518,23.58660151403904,66.17338025672836
5184,16.77328872680664,6.524203300476074,49.232980972515854,39.00718816067653
5196,11.366459846496582,6.861005783081055,22.418631927281865,71.21853139530013
5197,12.774443626403809,6.473503589630127,26.464620299615767,63.402840737382895
5199,11.88071346282959,6.4628448486328125,23.01096369608805,67.23262659442857
5204,10.464273452758787,6.367125034332275,17.724613638348032,75.2510259320702
5207,14.721247673034668,6.995257377624512,38.47969065781942,50.27394539783414
5212,15.634663581848145,6.848909378051758,42.42547978766844,46.17611029712007
5219,16.015352249145508,6.945794582366943,45.32141089375256,44.789850861902
5220,16.31255531311035,6.997041702270508,48.41009339114242,42.66837209739765
5224,15.759469032287598,6.86873722076416,43.87010198604401,46.55179817498658
5229,15.593690872192385,7.23442792892456,44.87613702341785,46.74859686471841
5230,16.048702239990234,6.997838020324707,46.44231982834785,44.1546762589928
5233,16.43718910217285,6.843050479888916,48.5084893339138,41.77797126686983
5234,17.0587215423584,6.598626136779785,52.48315838947204,37.37531986004491
5237,12.09763240814209,6.638775825500488,24.866507294622316,66.92061931678545
5241,11.717748641967772,6.858211040496826,23.51395965271495,69.73318730854086
5249,13.213455200195312,6.576730251312256,27.89595795829373,60.27282383854195
5252,16.4224853515625,7.061872005462647,48.89087024027302,42.76029576793593
5254,15.77047634124756,7.142277717590332,44.233583181533135,47.10633977364351
5257,16.81073570251465,6.433528900146484,50.660299003322265,38.15337763012182
5258,16.828529357910156,6.410641193389893,50.66596661876866,38.117608046866366
5259,15.630764961242676,7.192320823669434,44.38011291623459,46.42815992625879
5260,13.024909973144531,6.926290512084961,29.33511526896091,62.76965092462122
5261,15.255361557006836,6.603737831115723,40.00028365977846,47.31728764519835
5263,13.995072364807127,6.211293697357178,30.482511745842345,56.15482138861958
5264,14.846078872680664,6.474884986877441,36.69608892058963,51.04612458392772
5265,15.910698890686035,6.579219341278076,44.753352611908745,44.251094989261496
5266,15.449335098266602,6.570968151092529,41.03741297851384,48.10430892001536
5271,14.762688636779783,7.139861583709717,39.26083827782379,52.05360416016076
5272,14.02912425994873,6.971480846405029,34.49132669700123,57.07607969810383
5275,16.08053207397461,7.439788818359375,50.81243445498919,41.12666209200253
5276,16.328441619873047,6.768644332885742,48.87354750512645,41.62679425837321
5277,16.50279998779297,7.149390697479248,49.19948458952295,42.70501636576371
5278,13.790155410766602,7.238755702972412,33.65483880482553,58.89596790844468
5280,15.484329223632812,7.021121025085449,44.8616734599916,45.893536636559375
5282,16.631864547729492,6.848957538604736,51.71809875504025,38.176955347081744
5283,16.418058395385742,7.0705885887146,48.93695521837384,42.792356531230304
5284,14.980915069580078,7.401033401489258,40.50876854885334,51.79447648131402
5285,12.872591018676758,6.907327651977539,28.937812309252116,62.4846108484466
5286,12.545255661010742,6.649800777435303,26.074391721823435,65.02538200123732
5289,15.638900756835938,7.204787731170654,45.03238220386709,45.9107690382329
5293,16.554319381713867,6.257855415344238,47.12786271147274,39.823159533452525
5294,16.021799087524414,6.841040134429932,46.8978596586291,42.65289032289845
5295,19.958887100219727,5.296924591064453,72.14078236555636,18.1190107772077
5296,12.386825561523438,6.202582359313965,23.481424081966505,67.11223040165311
5297,13.837215423583984,7.001650333404541,34.35802566322916,56.481408591146455
5302,13.636343955993652,7.588055610656738,37.155535095459136,55.18343755194947
5307,11.024697303771973,6.487878322601318,19.852916409363942,73.77757817324427
5312,10.821024894714355,6.185221195220947,18.3587578316535,74.47970580223372
5316,10.944229125976562,6.306721210479736,18.94126257013525,74.2945816279511
5319,13.970298767089844,6.590085506439209,32.58465417867435,57.17759365994236
5320,13.21894645690918,6.675309658050537,28.750936021770496,62.61392069840922
5321,13.936461448669434,6.359663963317871,31.88662072552334,57.21492653751138
5322,13.535107612609863,6.618688106536865,30.18269040018756,60.57818896643763
5323,13.578717231750488,6.5590596199035645,29.58569278187944,60.15339402193391
5324,13.803170204162598,7.256836891174316,34.902945639093815,56.76502903782765
5325,14.287209510803224,6.998756408691406,36.85225505443235,54.668740279937786
5326,15.001729011535645,6.931628704071045,40.59369346587041,50.49506876495419
5329,18.105682373046875,6.687378406524658,59.28277642679157,31.69413671980546
5330,16.914520263671875,7.09177303314209,51.157813341434114,40.5462503969843
5333,17.276653289794922,6.581346035003662,54.642304487561,35.5359481014165
5335,15.117424964904783,6.96683406829834,40.19213275629186,51.284560465308594
5337,18.03438186645508,6.614975929260254,58.61002023086993,31.689575151731525
5339,15.48447608947754,7.191369533538818,43.89244522929198,47.37045416919596
5403,15.728188514709473,6.993769645690918,43.89111626925512,46.7116831961736
5405,15.744633674621582,7.419679641723633,45.140835050079495,47.05492969073824
5406,15.070439338684082,6.994286060333252,39.93890020366599,50.89477257298031
5414,10.679920196533203,6.526528835296631,18.91039567185726,75.29678893296145
5418,14.810117721557615,7.325008869171143,39.96562392574768,51.7703678239945
5422,12.63230800628662,6.679568290710449,27.63095351269132,62.42988877269703
5443,13.108107566833496,7.399869441986084,32.01645032772137,60.7017092918648
5446,13.466522216796877,6.835413932800293,31.242363273893197,59.73872061295924
5452,12.176192283630373,6.5121846199035645,24.611101498969752,67.0148009500291
5453,12.40305233001709,6.6079182624816895,25.465565430392868,66.05376377853845
5496,15.1753568649292,6.705037593841553,40.47024366432087,49.19741284627588
5497,10.016519546508787,5.815709590911865,14.254576415495956,79.95061728395062
5503,15.253021240234377,6.678205966949463,41.40417054491419,48.064958604810656
5507,14.24044132232666,6.674476146697998,34.328960291847906,55.54581170197839
5508,14.135037422180176,6.558169364929199,32.926584424565554,56.6288174537667
5521,13.151351928710938,6.608890533447266,28.5352744100846,61.591024126877
5522,14.658110618591309,7.1292405128479,38.23906767881963,53.230246979578745
5605,17.70740509033203,7.23964786529541,56.32307341235217,35.58935259137952
5641,17.47751808166504,6.528631687164307,55.50992634330941,34.62103214869817
5643,13.259690284729004,6.457499027252197,27.576210362310512,61.734544014916416
5645,13.362869262695312,6.543795108795166,28.95610333470564,61.67275627830383
5659,14.009635925292969,6.945899486541748,34.86148739698435,55.47029035872849
5660,15.41087818145752,7.305952072143555,44.4363164807395,46.79878302216164
5715,14.995460510253906,7.236727237701416,42.455621301775146,48.76125546694109
5724,15.141813278198242,6.515470504760742,39.56644433042586,48.71216008209338
5725,16.642581939697266,7.00828218460083,51.46074064845673,39.43532562992494
5733,14.227157592773438,6.670305252075195,33.729109157898385,54.83882145043369
5750,17.382688522338867,6.593843460083008,53.60003675851189,36.5900353800677
5774,16.702770233154297,6.709506988525391,48.18044141555868,40.88439010267032
5793,15.109169006347656,6.894058227539063,39.1391718049568,50.99187606272435
5794,14.957390785217283,6.839528560638428,41.04271588000067,47.84078170227718
5853,14.91758155822754,7.087781429290772,41.832356634575135,48.93260778568438
5857,16.3450984954834,6.74436616897583,47.949981649452106,41.89299009070414
5863,17.887849807739258,6.393614292144775,58.13357885936227,31.841127726450136
5864,17.834016799926758,6.399240493774414,57.5137378635637,32.15454170063634
5865,18.32197570800781,6.449681758880615,60.99333091854346,30.08650629620949
5866,17.88477325439453,6.380327701568604,57.84090788903108,31.80996097261737
5877,16.790658950805664,6.604434967041016,50.38672632093756,38.52681725143551
5878,18.04783821105957,6.520415782928467,58.52048750497269,31.47987414560052
5879,16.775390625,6.579993724822998,50.21225921986783,38.72480842128228
5880,18.050291061401367,6.493060111999512,58.691764365843525,31.46666184944993
5890,15.124326705932615,6.69630765914917,39.70730345523654,49.41911654175704
5899,14.680286407470703,6.268724918365479,34.70554884512042,52.52545172184288
5907,15.227307319641112,6.70551061630249,40.432282612659705,48.74241742745651
5918,16.294261932373047,7.208214282989502,48.58150677179613,42.88678462292979
5919,18.33582878112793,6.514305114746094,60.85762724357793,31.00283787270114
5920,18.165637969970703,6.710502624511719,60.57137591005437,31.43857708966916
5921,17.730424880981445,6.793841361999512,57.85657620426914,33.852369795029794
5922,18.212535858154297,6.68603515625,60.7269307368887,31.264291509921076
5926,18.590381622314453,6.306962490081787,62.9991194824088,28.36989395505532
5927,18.31136512756348,6.603326797485352,61.45071770334928,30.26411483253589
5928,18.95777130126953,6.271585464477539,65.18409594377816,26.64425941486517
5929,18.595043182373047,6.469158172607422,63.42526792916683,28.509968117389462
5930,18.995853424072266,6.266101360321045,65.42408577445913,26.48286425426
5931,18.308082580566406,6.591641902923584,61.42342894343813,30.29716999195803
5934,16.567222595214844,6.828147411346436,49.18379196451518,41.44528312662409
5935,17.70542335510254,6.622569561004639,56.929496811923805,33.929659261665925
5942,14.839537620544434,7.115923404693604,39.71760059244631,51.6632930140706
5946,14.751420021057127,7.191727638244629,39.77216296208013,51.84732733448543
5950,15.965288162231444,6.6446380615234375,45.24734270066174,44.29848280744535
5951,15.928717613220217,6.687259197235107,45.251424130026265,44.36890624846272
5954,16.650053024291992,6.785579681396484,49.43383487654321,41.10050154320988
5958,16.61081314086914,6.8468756675720215,49.450496388148494,41.15579248271333
5964,17.51785659790039,6.851084232330322,56.57239662563961,34.75660351265385
5965,17.567764282226562,6.766726016998291,57.4555166314037,34.27040338524505
5970,16.998899459838867,6.858762741088867,53.23642722478756,38.04475532118364
5971,17.781023025512695,6.699454307556152,57.94629510997223,33.45878710228486
5972,18.040748596191406,6.523617744445801,59.254807692307686,31.95779914529914
5975,17.616086959838867,6.81742000579834,57.27512874563065,34.402433492542094
5984,14.374499320983888,7.444578170776367,37.27615334632878,54.796621182586094
5985,14.636515617370604,8.150732040405273,41.24661246612466,52.82746160794941
5986,14.791132926940918,7.916619300842285,41.44088191910566,52.00036229071242
5987,20.244800567626957,6.038013935089111,73.11092715231788,19.99337748344371
5988,16.038352966308594,7.188499450683594,45.7261126344653,45.31480700274204
5989,14.436779022216797,7.712071418762207,39.39251788436731,53.37294606674224
5990,14.836997985839844,7.870759010314941,42.11296305972099,51.27096504519567
5991,19.58580207824707,6.533017635345459,68.00297779326512,25.12117084296892
5992,15.013091087341309,6.732114791870117,38.42698936183864,51.16840119599112
5993,14.162775039672852,7.037802219390869,35.85631734335966,55.35214110878397
5994,13.925433158874512,7.145805835723877,34.95292662611374,56.5700800121154
5995,17.107830047607422,6.875521183013916,52.937908704209256,37.25001587200813
5996,14.011112213134766,6.919234752655029,35.93251253989968,55.27865342294653
5997,13.9334716796875,7.133162498474121,34.45112306232205,56.09577665295793
5998,15.673824310302734,6.373112678527832,41.982297521109935,46.74323260297032
5999,16.766319274902344,6.099327087402344,50.5541291978996,37.02021700705724
6000,16.815183639526367,6.0632805824279785,50.6431517495441,36.539097017391406
6001,13.398898124694824,6.896913528442383,31.57168483510418,58.71000808216208
6002,16.783166885375977,6.140098571777344,50.84806284592037,36.813579207794525
6003,16.7261905670166,6.144594669342041,50.52782068138012,37.13764184781915
6004,16.41353416442871,6.2994465827941895,48.879440271532026,39.20427393366091
6005,17.031373977661133,6.243139743804932,52.593068889825055,35.86394980155651
6006,18.377586364746094,5.909432411193848,61.558249210741714,27.91830689480453
6007,16.849336624145508,6.141777515411377,51.28233623510526,36.47465580045687
6008,16.61896324157715,6.239749431610107,50.01899207234142,37.80770220430568
6009,16.94596290588379,6.082337856292725,51.82493891284046,35.73758747297453
6010,16.74252700805664,6.153088569641113,50.6487204372478,37.0613474996169
6011,16.43594741821289,6.298952579498291,48.99039477117686,39.04966636430285
6021,13.847681045532228,6.896299839019775,33.63950982739482,56.802995015562765
6022,16.165874481201172,6.70051908493042,46.05285759858654,43.92530244656573
6023,14.480206489562988,6.506738662719727,35.631494804156674,51.92512656541434
6024,16.419288635253906,6.196489810943604,47.24590573821728,39.96999624953119
6030,17.87495231628418,6.558536529541016,58.51928433990983,32.67855604376669
6032,17.87948226928711,6.648077487945557,57.538907729021794,33.339042464517746
6033,16.674448013305664,6.764779090881348,48.766081532229336,40.92019915005012
6034,16.95073890686035,6.747766971588135,51.15302198192061,38.91041196588474
6035,15.619433403015137,6.911296844482422,43.73546860175368,46.28882424697382
6036,14.891752243041992,7.161676406860352,40.26519278292987,51.10009831796562
6037,17.838769912719727,6.65409517288208,57.39571743227594,33.45670882626763
6038,18.32247543334961,6.290308475494385,61.47865739702474,29.45802496822905
6054,14.46860408782959,6.927981376647949,36.9329046919602,54.09749743646592
6055,15.582998275756836,6.91295337677002,42.78650018543701,47.78643150506174
6058,16.128990173339844,6.597918510437012,46.30947920569501,42.72303401190625
6059,15.80013942718506,6.735331535339356,44.00969818577042,45.539670596104
6061,14.79019832611084,7.046921730041504,37.72681539048676,53.71404780904139
6064,13.398226737976074,7.161518096923828,32.166707890180554,60.586198367548846
6069,13.766816139221191,7.703837871551514,37.16770994228112,57.07666043411105
6070,17.196741104125977,6.84384822845459,52.93413416663285,37.99358792256808
6078,14.872759819030762,6.4501776695251465,36.13315831247329,51.73850662433605
6079,14.592501640319824,6.682434558868408,35.72354084457271,52.921255668767294
6084,14.089030265808104,7.059354782104492,34.587534812253914,56.208585422068566
6085,14.134138107299805,7.041006088256836,34.739329150205286,55.98032380509722
6086,14.148604393005373,7.037806034088135,34.78077733103581,55.96017614397856
6087,15.00139331817627,7.2205705642700195,39.99321883598712,51.02043477693883
6089,12.629435539245604,6.483444690704346,26.4805695553598,64.58474735367598
6093,12.46358585357666,7.032960414886475,27.33877901977644,64.61593579822299
6094,12.310261726379396,6.931637287139893,26.61989210284665,65.62356519742883
6134,11.900856971740724,6.747842788696289,24.242033452407053,67.91199721444876
6138,12.527742385864258,6.606039524078369,26.09097087752145,65.03122555494288
6151,14.93063735961914,6.665039539337158,39.4902382582054,50.10755842378018
6156,15.575690269470217,6.713768005371094,43.28701623195701,46.20085923316137
6159,16.342199325561523,6.992208957672119,48.10817839032636,42.37420361461449
6160,15.712300300598145,7.21375036239624,45.042837617095046,46.6029936326966
6212,16.59777069091797,6.486710548400879,48.487792878666745,40.4932045999631
6217,16.119007110595703,6.623229026794434,44.997133027522935,44.378686107470514
6218,15.749323844909668,6.74799394607544,42.896906112835886,46.76158869500053
6219,15.817054748535156,6.7865309715271,43.16221854233424,46.90853566743371
6220,16.951112747192383,7.273031234741211,51.41668540589161,40.68360692601754
6222,16.6284122467041,6.627278804779053,49.06635721067623,40.76801350353413
6223,16.417800903320312,6.685678482055664,47.3869666737423,42.54298450435152
6224,16.60695457458496,6.634746551513672,48.95175762693973,41.01762905098701
6225,15.697397232055664,7.421800136566162,43.64209678862152,48.6850344395742
6227,16.088016510009766,6.741378307342529,44.58617372757308,45.83664422232445
6228,16.065914154052734,6.711438179016113,44.40954381877561,45.87606348678053
6229,14.390823364257812,6.982706069946289,34.966367389358815,56.404630618666815
6231,16.160945892333984,6.751430988311768,46.31292912111847,43.78642991972453
6232,15.958165168762209,6.716974258422852,44.72387104893345,44.950395368836126
6233,16.631427764892578,6.69205904006958,49.22396978877039,40.712536830310825
6234,15.764047622680664,7.38361120223999,44.29426150755524,47.65918420822779
6235,13.50036334991455,6.640038013458252,31.10698176259909,59.87397161738922
6238,12.161479949951172,6.640739440917969,24.833919356377866,67.26541338481528
6239,14.931770324707031,6.236169338226318,36.673185571490656,50.86339272779951
6241,10.524752616882324,6.346895217895508,18.523974859156496,75.57429356154547
6244,12.726550102233888,6.405203819274902,25.79250720461095,64.98632221068185
6245,10.026223182678224,6.113564014434815,16.374364980492498,79.27952794085833
6246,13.22288703918457,6.330428600311279,27.89194713585764,61.76668036030981
6248,11.631633758544922,7.16086483001709,24.88225855414372,68.93273775966
6250,16.00650978088379,6.462058544158936,44.466330173581184,42.99607815550202
6255,10.716408729553224,7.465857028961182,23.80280365039044,70.73572302192116
6256,11.523588180541992,7.092757225036621,23.51950578934969,69.79067596220126
6257,10.15799331665039,6.926227569580078,19.18001595777328,76.49121884069407
6262,14.694350242614746,7.106391429901123,37.87590407308718,53.35798575235194
6265,17.75946044921875,6.874320030212402,58.29184644319062,33.38864918685695
6268,12.832921028137209,6.688111305236816,27.13114648946133,64.51360470038871
6269,14.682726860046388,6.63475227355957,37.3655454037345,51.08076971335363
6273,16.654876708984375,6.7421393394470215,49.41381623071764,40.61569416498994
6274,12.48055362701416,6.680256843566895,26.89722895633228,65.51999263509988
6275,15.945310592651367,7.023764133453369,46.1308904157124,44.60823096675689
6280,18.847856521606445,6.43961763381958,63.6958353294897,27.859184246609285
6281,16.145652770996094,7.286981582641602,47.804554093102446,44.03255547784066
6282,15.272608757019045,7.269167423248291,42.59628858974903,48.42456155250754
6290,15.20669651031494,6.038149356842041,38.87363304981774,46.64520048602673
6296,14.61997127532959,7.34962797164917,38.77296013994752,53.17224790703487
6297,11.198408126831056,6.800574779510498,22.305131331900974,71.18827787778488
6298,16.488609313964844,6.82681131362915,49.02666467361934,41.36186457243385
6299,10.85888957977295,6.787262439727783,20.9608465199056,72.56161256625528
6300,15.804423332214355,6.749417781829834,44.69046070964146,44.79495634404607
6305,11.933175086975098,6.706855297088623,24.316380069702426,68.25284362912183
6307,11.167637825012209,6.841447353363037,22.4577555505039,71.17242555126165
6308,11.85811710357666,6.108921527862549,20.159441675715307,70.26570519067108
6320,14.836986541748049,6.868092060089111,38.665940545717454,51.40560740643368
6323,15.094768524169922,7.411349296569824,42.220602872174034,49.99822266458126
6326,14.720897674560549,6.547236919403076,36.03650641159517,52.85493504866129
6331,13.510668754577637,6.018337726593018,25.28787997800644,63.13565313015474
6332,16.186302185058594,6.486535549163818,43.95865584588201,44.51220465669028
6333,13.750496864318848,6.019718647003174,27.175054666919195,58.780282029649264
6334,17.104890823364258,6.203255653381348,52.51566067560447,34.711082489315615
6335,14.389104843139648,6.618417263031006,34.787752424682566,54.16061472145434
6336,16.641366958618164,6.030000686645508,45.2521972792924,39.68650282707272
6337,17.206403732299805,6.739520072937012,53.74973183364492,37.41763461951025
6339,16.41547203063965,6.985082626342773,48.60581330021586,42.786599248942906
6341,13.581297874450684,6.971742153167725,33.60549932385363,57.06880301602262
6342,13.849080085754396,7.324154853820801,35.94922985660809,55.863521999713626
6344,13.395275115966797,6.975152492523193,31.01920997064428,60.70659731163413
6345,13.581114768981934,6.795663833618164,32.325377139051625,58.69567315580693
6346,14.90944004058838,7.12199592590332,39.55530959627967,51.56070086492373
6347,16.25414276123047,6.84791374206543,46.22461870846074,44.11355438782796
6348,16.401290893554688,6.370046138763428,49.93483219289672,39.6688660801564
6353,17.022506713867188,6.7863383293151855,53.30716759862394,37.31336225750393
6354,17.651548385620117,6.776862144470215,56.89734992494494,34.68105105147234
6356,20.64618682861328,5.415549278259277,75.45231556217111,16.570577999538774
6362,12.01533317565918,7.447559833526611,27.5160736998098,67.31117049207108
6366,16.894968032836914,7.346626281738281,53.378688004511964,38.91336787808288
6367,18.081756591796875,6.599377155303955,58.9653010537484,32.07663186322973
6368,13.846270561218262,7.182844161987305,34.49792501684815,56.82498019602975
6369,15.84290885925293,7.2237548828125,45.68377832572774,44.39287268345476
6370,15.017702102661133,7.224555492401123,41.30636266740813,49.55628157004495
6386,15.528454780578612,6.745480060577393,43.29828604349705,44.90854097652311
6387,15.43321132659912,6.686558723449707,41.38941835614856,45.00231040258765
6388,16.453773498535156,6.416003227233887,46.74958089151897,40.392027625338514
6395,15.42823886871338,6.690168857574463,41.3786642838613,45.14311244343239
6396,15.457536697387695,6.7275004386901855,41.7709502028135,45.08069388107362
6398,11.86289882659912,5.589165687561035,16.378200957214535,73.00134472736737
6399,11.973265647888184,5.796631336212158,18.81560191784372,71.93209796553064
6400,11.673510551452637,5.6903228759765625,17.243712480025337,73.76876898492722
6408,15.436356544494627,7.021997451782227,45.87647685949206,44.94034144845413
6409,15.291909217834473,7.052465438842773,45.11406788996145,45.86485781372293
6422,14.516854286193848,6.927824020385742,35.80771484895306,54.95364697106931
6423,13.29081916809082,6.838476657867432,30.032905316806453,60.43444914520399
6424,13.532390594482422,7.138930797576904,33.16521408825206,58.48650473758625
6445,17.981781005859375,6.493802070617676,59.147952443857335,31.80751581728429
6452,16.934242248535156,7.075448036193848,53.62601711791315,37.77414377464491
6562,9.148117065429688,6.818219661712647,17.77825357741855,78.52121471648289
6576,12.874170303344728,6.290391445159912,26.217633835650656,63.65415036216802
6577,12.158775329589844,6.341562747955322,23.541971948921915,67.72032656478962
6598,11.724055290222168,6.915992259979248,23.868375741343023,69.30552898412091
6599,12.429767608642578,6.741299629211426,26.075875323807136,64.85752486003176
6613,15.628884315490724,7.324923515319824,45.72363041700736,45.17473070496641
6614,15.591599464416504,7.161434650421143,44.6822326999633,46.000734069284846
6624,15.407320022583008,7.210391521453857,43.708637517149214,47.788906502129
6625,16.372814178466797,7.57145357131958,50.03525347246703,42.58689980963125
6638,13.210448265075684,6.563416481018066,29.35669262143122,61.47571375602522
6644,14.505657196044922,6.718527317047119,36.63524328570727,51.58958118525065
6647,13.591008186340332,7.274245262145996,34.71790397306232,56.42289211409189
6648,13.63982105255127,6.746885776519775,32.88420131879962,57.61169425380164
6649,12.694109916687012,6.908188819885254,28.78915743991358,63.23082635700783
6650,14.061347007751465,6.985854625701904,35.770297985281694,54.57663340399497
6653,15.01354694366455,6.972662925720215,40.39302667855144,51.09968698824652
6668,10.140376091003418,6.465322971343994,17.14228346259067,77.69746254047135
6669,9.728787422180176,6.262887477874756,15.439400197764511,79.6127320290889
6673,13.424849510192873,6.412703990936279,29.56053288042036,60.36967252268988
6676,17.395647048950195,6.806481838226318,54.16070885733908,36.74776793253696
6677,17.116113662719727,7.035088062286377,52.75533772745198,38.73021238240099
6680,12.36461353302002,6.601185321807861,25.09991948411806,66.12675085774802
6681,15.661250114440918,6.82478141784668,43.52113430357884,45.23691574395159
6682,13.248180389404297,6.804865837097168,29.697586373216872,60.60429867392583
6683,13.860212326049805,6.663858890533447,32.279286589343386,58.55726854724516
6690,12.104105949401855,7.145173072814941,26.44785336102021,67.00622954740652
6691,16.135757446289062,7.12183141708374,46.853670539401335,44.061450242848274
6692,17.282848358154297,7.031855583190918,54.52754384609442,36.71353884982874
6706,8.672100067138672,5.34459400177002,10.01582673885881,86.14244064972928
6708,12.93158721923828,7.414340019226074,31.452408039438755,62.28542535709772
6709,12.41439723968506,7.004523754119873,26.753189292825013,66.10131996165475
6710,13.856069564819336,7.324041843414307,35.436760804344054,57.1297513079269
6711,12.15127944946289,7.03568172454834,25.89358596977268,67.78143320058376
6718,16.168251037597656,7.211832523345947,45.93151850276478,45.02339430029775
6721,16.1603946685791,7.171913623809815,45.74711703606772,45.08669338349554
6724,15.440207481384276,7.410448551177978,42.73823144141007,49.29446682916314
6740,16.93216323852539,6.697164058685303,51.656223154277626,38.43802112284603
6741,16.34184455871582,6.640697479248047,47.4815268528534,41.75387382221469
6742,16.252058029174805,6.633184909820557,46.78549109467764,42.35626497239871
6744,17.228282928466797,6.6230950355529785,53.92436894398054,36.3545666999221
6745,16.582141876220703,6.549106597900391,48.69546505998171,40.34375168110172
6746,16.550132751464844,6.531912803649902,48.66938643179424,40.38716126766271
6749,12.774763107299805,6.665708541870117,27.87774710803009,63.31781116331992
6755,13.355595588684082,7.591137886047363,34.55628872330092,57.70793598142466
6759,12.016742706298828,6.047762870788574,20.71467707233633,71.07482193208698
6775,12.092479705810549,6.738907814025879,25.06171551754112,67.46462223149405
6784,17.190616607666016,6.6458740234375,52.61159837675088,37.44693583677744
6787,17.84490966796875,6.551633834838867,57.34503848822761,33.40649055142253
6789,16.426124572753906,6.981306076049805,48.759492737594925,42.09061417090614
6793,16.354801177978516,6.590922355651856,49.18318369534762,40.9163448536309
6796,16.50332260131836,6.647253036499023,48.37833643699565,41.100248292985725
6801,16.454910278320312,6.373861789703369,47.4140036863494,40.73194021896028
6810,16.472797393798828,7.0790534019470215,48.10765930948592,43.35951013630388
6814,14.65042209625244,7.270282745361328,39.63045296025126,51.97927926090592
6815,15.572184562683104,7.356342792510986,44.740693485439806,46.88344341038727
6825,14.440170288085938,7.206459522247314,37.16889051877345,54.69265705661655
6826,14.661361694335938,7.291825771331787,38.59322559720225,53.42527568604225
6828,14.864774703979492,7.395467758178711,40.24729520865533,51.97414641000422
6830,17.4431095123291,6.451442241668701,55.00939199209095,35.07661888284726
6836,16.701766967773438,6.763009548187256,48.97323600973236,40.82446993395899
6837,15.6099271774292,7.054875373840332,43.390089917734834,46.71895925004783
6846,14.424283027648926,6.97175407409668,37.07054181503224,53.79655471080744
6847,16.814109802246094,6.816684722900391,51.03841455137776,39.42853264558165
6848,16.308429718017578,6.697515487670898,47.09345586987455,42.76464368236231
6902,16.656423568725586,7.374407768249512,52.085356072438685,40.88289923593229
6903,9.476354598999023,6.1035332679748535,13.720761589962391,81.48978869082752
6904,14.75340175628662,6.906960964202881,37.91480388021932,52.015183466891614
6906,14.697583198547363,6.51222562789917,35.4999040081913,53.403442906205335
6907,15.21942901611328,6.562002182006836,39.00010659844367,49.52776889457414
6965,15.074169158935549,6.452064037322998,39.29981964705614,47.02874232358514
6969,15.334433555603027,7.285603046417236,42.60431142401029,48.18481469145869
7016,12.032322883605955,6.758384704589844,24.685924369747895,66.77415966386555
7018,13.41912841796875,6.485244274139404,29.419180458483357,60.58011356186904
7019,13.71745491027832,7.038794040679932,33.23810540930208,58.53179900678165
7020,13.461098670959473,7.087827205657959,32.260515603799185,60.177747625508815
7021,14.959492683410645,7.398610115051269,41.167638645235726,51.35365795837087
7023,12.818829536437988,6.830171585083008,28.18770301089636,62.682853786081225
7024,13.95180892944336,6.60271692276001,33.59773021649294,56.2869302411645
7025,14.224061012268066,6.829679012298584,36.42745899644717,54.56392660729061
7026,12.601183891296388,6.753300189971924,27.311904423268384,64.35784383444745
7075,12.44463062286377,7.379674911499023,29.66012084592145,63.79720543806646
7077,12.435792922973633,7.083317279815674,27.3388174807198,65.37172236503856
7078,9.321792602539062,5.787911415100098,12.813303583042334,82.52003642075984
7092,11.877310752868652,7.089789867401123,24.654300168634062,67.11482446726966
7093,12.357576370239258,5.8223652839660645,19.50496293504209,70.86317376554844
7102,13.6387357711792,6.843467712402344,32.68920880555075,58.22690407383239
7173,13.926819801330566,6.758100509643555,34.372590922841226,55.29435873415498
7174,14.944425582885742,6.982131004333496,40.11931074440462,50.332610888178365
7185,14.243253707885742,6.8050456047058105,35.38059489669077,54.14460354902172
7186,14.074049949645996,6.742538928985596,33.81407654323346,56.34819816808183
7188,13.422658920288086,7.29137659072876,31.908769586792086,60.76769863108328
7189,13.911806106567385,7.788663864135742,37.40461025772485,55.179145386784455
7190,12.949141502380373,7.589017391204834,31.73719598571457,61.23780451307835
7191,12.950970649719238,7.594172477722168,31.790752588346887,61.25249752769986
7192,13.05997371673584,7.686552047729492,32.94754681106105,60.1206960691109
7222,11.02536392211914,6.558937072753906,20.230263157894736,73.0572113986624
7239,10.90873908996582,6.453004837036133,19.965762788430677,73.62902554714155
7243,11.77409839630127,6.497772693634033,21.95952803297062,70.29025795804542
7260,11.707496643066406,6.557031154632568,22.33610520208857,70.06469647158102
7284,15.828408241271973,7.092503070831299,45.73635613848042,44.780833215988416
7291,13.787520408630373,7.836395263671875,37.98050139275766,55.05396935933148
7293,15.017919540405272,7.536198616027832,42.01889607160616,50.808055693684736
7294,13.525175094604492,7.083773136138916,33.36491533453051,57.87768951954963
7299,13.656354904174805,6.796407222747803,33.789348945806104,56.55454001478335
7304,13.6849365234375,6.797791957855225,33.78891153116436,56.24575457334926
7310,14.36458969116211,7.4044904708862305,38.37327443401436,53.55935946990613
7329,19.289146423339844,6.120290756225586,65.700101545752,25.070517883335214
7332,12.879064559936523,7.196525573730469,31.0390836686099,61.786681993595536
7334,16.83445167541504,6.897772312164307,51.4386647552734,39.78215236534917
7336,15.025676727294922,6.832921028137207,39.88919894272552,49.34247673914289
7338,16.039505004882812,6.903483867645264,46.36867738198342,44.11688618443992
7343,15.514045715332031,6.996885299682617,43.73890147572102,46.65564468393444
7344,13.483357429504396,6.496440887451172,29.999783722992408,59.04146030235525
7348,15.015719413757324,6.691437721252441,39.74837821898959,48.51582465107136
7350,14.382831573486328,6.249027729034424,34.13335623202095,52.68129320338328
7358,13.436630249023438,7.373363018035889,33.237387983804425,58.11985493063151
7360,13.967039108276367,7.026600360870361,34.23591918421805,56.82955303535691
7362,13.669182777404783,6.675189971923828,30.33156445756693,59.14029977789305
7365,14.63615894317627,7.396807670593262,39.16660943279599,53.06757194297545
7399,17.184024810791016,6.694111347198486,53.23516062332947,37.1249180493217
7410,17.91505241394043,6.708944797515869,57.46056175452097,33.4718481467231
7411,17.64381217956543,6.7697038650512695,56.38413770563242,34.29839851835712
7412,16.35318374633789,6.629263877868652,47.69082229254949,41.13071930483292
7413,17.50916862487793,6.665285110473633,55.05562995776244,35.29926856907387
7421,13.600324630737305,7.406232833862305,33.84963917985007,59.182140993496326
7427,14.352335929870604,7.028794288635254,36.83765531855689,53.76349839999144
7430,13.52968978881836,7.464461803436279,33.90661865143425,58.81141603543193
7444,12.106642723083496,7.248775482177734,25.18586862065636,68.18293978178541
7457,16.400827407836914,6.950959205627441,48.111166253101736,41.64962779156328
7458,16.874160766601562,6.660671710968018,50.26343123881512,38.92149623937828
7459,10.390867233276367,6.232020854949951,17.573806106218722,75.15226752531326
7464,12.029250144958496,6.919421195983887,25.838747078418024,67.49544509266245
7470,14.837464332580566,6.73068904876709,38.1812069255337,51.7061691040511
7473,15.66974925994873,7.189752578735352,44.671374006868334,46.68653874488559
7474,14.3695068359375,7.403188705444336,38.68961252111035,53.01253538212697
7481,11.344183921813965,6.398257255554199,20.656143608789847,72.14691014133912
7484,13.038190841674805,6.960053443908691,30.59401561478405,61.26110534210223
7485,16.408483505249023,7.495280742645264,49.62540274057684,42.75649237219052
7498,16.116256713867188,7.06033182144165,47.81222635726795,43.25197022767075
7499,16.463855743408203,6.913336753845215,48.98782656271372,41.737108466694025
7501,16.375843048095703,6.9796295166015625,48.63926398575456,41.78364742543404
7512,14.988235473632812,7.000743865966797,40.51779642828904,49.849201956421055
7515,14.838959693908691,7.186687469482422,40.814536622664,50.70051948636068
7517,15.233654022216797,6.9686455726623535,41.63296460429032,48.63236081522916
7520,15.129281044006348,7.055312633514404,41.54548949546575,49.32608154865555
7523,17.66238784790039,6.364481449127197,55.79927319057754,33.77926421404682
7525,14.220813751220703,6.476391792297363,33.76033727906599,53.73155505107832
7528,16.558961868286133,6.793225765228272,49.00419078028337,41.18938335661544
7549,13.971745491027832,7.057867050170898,34.90192797293905,56.60566797748109
7550,14.10229778289795,6.955981731414795,34.570721249553365,55.81517023122863
7552,15.420172691345217,6.636055946350098,40.67890063903184,49.14748628626364
7553,14.872157096862791,7.630672454833984,41.83977325727407,50.90828639424054
7554,14.506640434265137,7.201767444610596,37.69784539977535,53.203819054426624
7555,15.545184135437012,6.63939094543457,41.33439104839047,48.55051285262967
7561,13.322731971740724,7.030218601226807,30.9008988085561,60.28520333511393
7562,15.746208190917969,7.116631507873535,45.58150531097489,45.8415657665873
7564,16.67756462097168,6.690333843231201,49.44423150632426,40.59526388587998
7587,13.032059669494627,6.782210350036621,28.509234828496044,62.794195250659634
7589,16.132095336914062,7.708530902862549,50.01297690111601,42.09107788137116
7592,11.992756843566896,6.616457462310791,24.16819956756059,67.40245909574983
7599,15.441571235656738,7.408791542053223,45.46049111124324,44.05731613056662
7602,15.60767650604248,6.586441040039063,41.295079339637766,47.24795640326976
7603,15.353134155273438,7.173565864562988,42.97371163412572,44.52309325783047
7604,14.4251127243042,7.088576793670654,37.35412454711052,52.49514582540985
7607,15.129573822021484,6.606367111206055,38.840561101659546,50.65643758225532
7608,15.39229965209961,7.382254600524902,44.47227261970498,44.78188845941469
7609,15.085673332214355,7.276819229125977,42.36623934148599,47.567003406786
7612,15.197254180908203,6.876399993896484,40.368062692702985,49.08466084275437
7618,16.160799026489258,7.093746662139893,48.081675326321125,42.624508934228864
7619,17.65974998474121,6.5289177894592285,56.18394526238622,34.510354939214366
7624,14.187620162963867,6.388385772705078,33.43215000370562,53.71377751426666
7625,17.4410343170166,6.859732151031494,56.00336595951991,35.25399707692989
7628,15.83091163635254,6.81786060333252,45.1398175986164,44.34445103618867
7633,16.691606521606445,6.6716790199279785,49.93704708877759,40.42975854061162
7636,13.955700874328612,6.3733906745910645,31.37446095531079,55.3011783448238
7637,17.570295333862305,6.644555568695068,55.86340738293831,35.034547306411206
7644,16.23786735534668,6.791516780853272,45.03847108463639,44.52965996525192
7660,15.544785499572754,6.514442920684815,41.26309303758472,46.82686383240912
7661,18.184585571289062,6.179157733917236,59.1284487856604,30.65723199902119
7672,15.949222564697266,6.93515682220459,45.9739324223938,44.4634536163699
7681,16.36590003967285,7.127490520477295,49.05078125,42.353515625
7684,15.983879089355469,6.798986434936523,46.02598913886734,43.18269976726145
7693,15.256791114807127,6.7350687980651855,42.36869069363389,47.50523455250145
7696,12.48709201812744,6.487519264221191,26.366810522434992,64.44232395740713
7707,16.818483352661133,6.942744731903076,51.484266959668105,39.66696345691175
7713,12.61488437652588,7.201660633087158,28.92200474495848,62.25811832740214
7714,13.592498779296877,7.211393356323242,32.99930830214781,57.94299700264264
7718,16.12845230102539,7.659267902374268,49.55222411756987,43.60976249835979
7719,15.713621139526367,7.560193061828613,46.6055830632824,46.006810218617886
7721,16.416723251342773,7.025604724884033,49.00881766106713,40.83799961382506
7723,19.6343936920166,6.39515495300293,69.34029741508367,24.067666921720612
7724,16.434925079345703,6.683710098266602,49.3671905191292,40.28564987762463
7726,19.263124465942383,6.295382022857666,66.29035951454088,25.857568124570644
7731,15.308435440063477,6.886939525604248,42.79022824905543,47.73174266342322
7732,15.902425765991213,6.792774677276611,45.62207456384406,43.99310442647813
7737,17.75800323486328,6.850644111633301,57.64252740094593,34.002662210767795
7740,15.915156364440918,7.095183372497559,46.14155693261038,44.81264523625097
7743,15.966662406921388,7.081963539123535,46.45069368140161,44.29539115420374
7747,12.575081825256348,6.55408239364624,25.6489280245023,65.80589586523736
7748,12.313241958618164,6.927635669708252,27.10688082490581,64.98966034956517
7752,13.909978866577148,6.79585599899292,32.78407550035255,57.03747898248088
7753,14.581161499023438,6.7696213722229,36.31021504624124,53.539098680620654
7754,13.68083667755127,7.075973987579346,32.83475879106862,59.114649767048434
7756,14.795845985412598,6.883479595184326,39.40765268579838,51.230684326710815
7757,16.933910369873047,6.859994888305664,51.63574997342405,39.45333262464123
7760,16.39165687561035,6.694519519805908,47.471185727067,42.09120572601442
7763,16.464557647705078,7.094620227813721,48.52388675604098,42.07949249625326
7764,14.777915000915527,7.092137336730957,38.52569695458889,51.44480452033736
7766,15.121827125549316,6.911900043487549,40.133446272272,48.27693816593108
7767,16.881193161010742,6.600363731384277,50.25572788889351,38.97320747917446
7776,14.660499572753906,7.110304355621338,38.46421958392333,52.35377409868206
7787,12.674833297729492,6.6208176612854,27.05164841487505,63.53733146660018
7792,14.6123685836792,6.48665189743042,34.9981884057971,51.54166666666666
7801,15.436054229736328,6.86723518371582,41.258178951517536,47.87544343713047
7812,16.37757110595703,6.9963908195495605,48.7907400825233,42.13787881129364
7820,10.928361892700195,6.552423000335693,20.8209082147514,72.417937524803
7824,14.338242530822754,7.1413187980651855,36.314652556976775,55.164923181476176
7827,13.9135103225708,7.102038860321045,33.76554334114255,57.93025770409083
7828,16.448471069335938,6.585758686065674,47.82561406689024,41.60427807486631
7829,15.135383605957031,6.429993629455566,37.54386711189569,49.2715400812472
7832,12.628469467163086,6.895364761352539,27.614784499296587,64.83437779767233
7836,11.424187660217283,6.805294990539551,23.82982923699536,70.07304313493239
7837,11.440166473388672,7.115446090698242,24.98918472489873,69.6720022023833
7838,14.98287296295166,6.732863903045654,37.94955606768705,50.18225556177867
7840,11.656200408935549,6.308309078216553,22.11627667250799,69.7428100195856
7841,13.831327438354492,7.0493879318237305,34.92305441065288,55.78738141111626
7848,12.209424018859863,6.67020320892334,25.233959203054823,65.49670577528045
7851,13.48931884765625,6.626522064208984,30.90612688493411,58.46449434277176
7859,16.707172393798828,6.84897518157959,49.617078010666006,40.0781346893216
7869,13.960197448730469,6.344273090362549,31.657614082385127,55.4830908297982
7872,13.970773696899414,6.399343013763428,31.93109219684445,55.25483232298492
7875,14.54299259185791,7.133902072906494,38.0452599676883,52.7506220592224
7876,14.952807426452637,7.1061224937438965,40.94736842105263,50.134432466708944
7878,15.5079927444458,6.660567760467529,41.18627587164884,48.70537574663148
7879,14.62315559387207,7.199424743652344,38.74119135096067,53.20725170149972
7880,14.569281578063965,7.250382900238037,38.72785829307568,52.85947712418301
7882,15.492648124694824,6.689281463623047,41.096804694235104,48.80697460997247
7883,13.63858127593994,7.224250316619873,34.53053683981743,57.55596609432732
7884,14.77427864074707,6.762959003448486,38.58259309873591,51.50111035189614
7885,15.470508575439451,6.594210147857666,40.74634458111051,49.036743318507305
7886,15.769596099853516,7.101795673370361,45.70495409174985,45.66496142373898
7887,15.67452907562256,7.051963806152344,44.76748076279692,46.38842422214788
7889,11.662849426269531,6.992929935455322,23.02776298423137,70.62310417486744
7899,13.872831344604492,7.131311893463135,35.419551370811405,56.68498301972045
7914,16.38967514038086,7.124324321746826,49.49023303632625,42.00365547178433
7916,16.06181526184082,6.290149688720703,46.57612128869236,41.81775110549589
7917,14.11256504058838,5.85526180267334,30.610487868510305,56.33185494390817
7918,13.733668327331545,6.358643531799316,29.852941176470587,58.08473389355743
7922,13.025230407714844,6.790309429168701,28.80260628070925,62.94684184291106
7931,15.256672859191896,7.260686874389648,42.32953815312653,49.34333958724203
7932,15.645132064819336,7.09235429763794,43.858676737861074,47.30410796457896
7933,15.825885772705078,6.903560161590576,47.2640494756655,43.35036300080667
7934,15.290593147277832,7.253069877624512,42.4763619990995,49.15546407667074
7935,15.644333839416504,7.111567974090576,43.91816251688863,47.2354114392331
7937,16.382366180419922,7.15689754486084,50.29949168841874,40.90122269542519
7938,16.078128814697266,7.192140579223633,47.20192911363507,43.85879801381199
7939,16.103727340698242,7.185868740081787,47.29702801184241,43.78700751537235
7941,16.433025360107422,7.03949785232544,49.690017161144695,40.95947805383343
7942,16.489238739013672,7.137565612792969,49.52327537857544,41.63395027107871
7943,16.447694778442383,7.18754243850708,49.48017950635752,41.66978309648467
7944,16.7557430267334,6.739907741546631,51.89341091024233,38.71127338933911
7945,16.096893310546875,7.184642314910889,47.24221305646423,43.84582562935571
7946,16.088333129882812,7.176810264587402,47.1714978929894,43.92230309737653
7948,13.795867919921877,6.671685695648193,30.908557971234217,56.99384456775524
7949,16.75543975830078,6.7297210693359375,52.01380381845887,38.55956258029818
7950,16.01049041748047,6.412166118621826,44.10100227033612,45.18633368403566
7951,12.17579174041748,6.184969902038574,22.324618904398346,68.49952443381918
7952,18.202661514282227,6.528398990631104,58.10992097595741,32.153562370302055
7953,19.18332290649414,6.122820854187012,67.8556510512259,24.275027530600106
7954,19.550783157348636,5.935520648956299,68.13552298700166,23.1603855884149
7956,19.293750762939453,6.144909858703613,65.70905916101941,25.64025277512161
7957,19.237165451049805,6.236424922943115,65.68532723364817,25.74487803916156
7959,19.510820388793945,6.0178961753845215,70.34623527771086,22.263777780595102
7960,16.086904525756836,7.168889045715332,47.17688136940415,43.87543645499191
7961,18.170860290527344,7.222034931182861,60.32197166151484,31.32377652843184
7962,16.067975997924805,7.210277080535889,47.23533090743689,43.84097111667046
7963,20.22575187683105,5.674932479858398,75.35612712527478,18.213092562004
7964,19.310569763183597,6.132231712341309,66.17705715767221,24.956124606118625
7966,16.658845901489258,6.8774919509887695,52.00255424048471,38.683378131543385
7967,19.251169204711918,6.122180938720703,65.38297281715103,25.777796758557365
7968,20.136869430541992,5.693556308746338,74.80927619842866,18.618185498665248
7969,18.233461380004883,6.60091495513916,58.61552232201225,31.731552533917995
7971,16.410737991333008,8.004337310791016,53.229375073555374,39.298575967988704
7972,11.506879806518556,7.420304775238037,26.003149126371397,68.56587769199513
7974,16.247236251831055,7.483260631561279,49.7904099785298,40.65316137701374
7975,17.027172088623047,7.3038434982299805,55.86696826182229,34.53971395584459
7985,16.33161735534668,8.015800476074219,52.450453218620375,40.047508183934674
7986,17.53881072998047,7.748680114746094,60.69703445651219,32.02816241693258
7987,17.841856002807617,7.492953777313232,61.34569617568746,30.812460237046118
7992,17.726877212524414,7.51052713394165,60.61037098714035,31.510778055324263
7993,15.163392066955566,7.03217887878418,41.69104826077962,46.28513166060821
7994,17.829509735107422,7.500684261322021,61.23192224369108,30.832015925990987
8003,12.851730346679688,6.621725559234619,27.468864008051323,63.63693546358032
8009,12.993535995483398,7.072385787963867,29.827562683011305,62.11101898594683
8016,11.13326358795166,5.879330158233643,17.73914360516693,74.95834865958415
8020,11.022972106933594,5.859426021575928,17.271830879086348,75.58322226917618
8023,11.168987274169922,5.931548118591309,17.298106429159493,74.98690217798068
8025,10.721820831298828,5.394523143768311,13.81850580207745,79.09187709157285
8026,11.267236709594728,5.896953105926514,18.13937612173664,74.32805910657461
8039,10.127511978149414,6.112898349761963,15.90974724709014,76.46623055384654
8043,8.282404899597168,5.214535713195801,8.703962176367774,86.85855118387465
8046,10.666792869567873,6.368632793426514,19.571133519620947,73.52205078362289
8053,11.948087692260742,6.922192096710205,26.54480022901076,66.05460815987132
8066,14.042248725891112,6.856302261352539,34.23813888151302,55.5568879714254
8068,13.918577194213867,7.592960834503174,37.1472862816136,55.4544346129729
8074,12.73056411743164,6.760846138000488,26.561108613978103,65.87483992435101
8075,13.963170051574709,7.346214771270752,34.656989772863504,57.84741370565397
8079,13.684399604797363,7.515893936157227,34.50379283285378,58.15851425582004
8081,14.872979164123535,7.363310813903809,40.53456067294948,51.39797739440809
8085,13.696797370910645,7.077538013458252,32.97863276990186,59.2812840785169
8087,14.462964057922363,7.452085494995117,37.546286772269085,55.04954398957691
8091,12.773621559143066,7.563961982727051,31.34550991710497,62.08270857773255
8093,13.756563186645508,7.005994319915772,33.20968190670499,59.22748771213948
8103,9.601293563842772,6.076225757598877,14.894676821035798,79.2578222286306
8106,16.014259338378906,6.940959930419922,46.404701305688334,43.78297845924639
8134,15.705304145812988,7.2446208000183105,44.41667531679429,47.22490597976668
8157,16.04795265197754,6.852386474609375,44.38811564813962,45.294497188680985
8167,13.206473350524902,6.471559524536133,28.18809800391945,62.46375397930319
8179,17.714189529418945,6.547726631164551,57.00590401589992,33.401531536797805
8185,15.283526420593262,6.750398635864258,40.32255450198557,46.51268336169869
8192,13.610875129699709,7.606242656707764,35.65039975326801,57.47194609855045
8196,14.392220497131348,7.489140510559082,39.9441952073531,52.540394645657805
8199,15.490044593811035,6.947244167327881,42.429447204312446,48.13444667582708
8202,14.0265474319458,7.064835071563721,35.824299883649935,54.10853963390048
8224,12.020963668823242,6.077520370483398,20.78063518830804,67.75224845418775
8228,14.24808120727539,7.433838844299316,37.57050001264574,54.49809049293103
8229,16.916393280029297,7.047327041625977,53.15095851027641,38.46770034346161
8232,16.08889389038086,6.824766635894775,45.35881011833677,44.16923864323712
8233,16.429912567138672,7.257114410400391,49.743846539039325,42.21139401409807
8237,15.819629669189451,6.978806018829346,44.89534267956186,45.56704478943114
8238,13.829703330993652,7.056412696838379,34.28219037535882,56.79826236915923
8241,15.979045867919922,6.8117876052856445,45.45734624053445,44.328776896758605
8243,13.899038314819336,6.781147480010986,34.11342296614876,56.14837201493019
8253,13.556385040283203,6.642741680145264,31.658881519523085,58.55764019716639
8259,13.452448844909668,6.5706000328063965,30.968252174895493,59.51587391255225
8260,14.67507553100586,7.011671543121338,39.24561245070592,51.78662813450134
8261,16.055587768554688,7.216696739196777,47.62930431620465,43.94621760981659
8262,16.272920608520508,7.029873371124268,48.142301967091925,43.22207458764998
8264,14.230719566345217,6.76109790802002,34.807106555184525,55.81614075051987
8271,15.962383270263672,7.488234996795654,46.05204887071144,46.167973532706384
8272,15.251115798950195,7.067209720611572,40.64828565893976,49.50862013301479
8278,12.929458618164062,6.356034278869629,26.726128271805965,63.49430092108781
8280,16.603538513183594,7.035665512084961,49.520758682687806,40.80831613466871
8298,14.186823844909668,7.268219947814941,35.87824984147115,55.69506094553653
8308,13.12901496887207,6.888385772705078,30.938393479466864,60.93512183325984
8309,17.815279006958008,5.4445624351501465,55.96669514325424,28.451936195442894
8313,12.87946891784668,7.364251613616943,29.73834955099182,64.02556469970233
8314,16.870079040527344,6.701376914978027,51.67157204160956,38.582084522231455
8315,17.363370895385742,6.915387153625488,54.7063177016753,36.74897396218799
8319,10.909416198730469,6.858437061309815,21.809511629181664,71.3152942466154
8323,14.422901153564451,7.333324432373047,38.56343892880471,53.21072828216852
8326,12.038470268249512,6.714038372039795,24.35485711491124,68.42019464323558
8333,16.84955406188965,7.088858127593994,52.25596315183418,39.332784997532485
8337,16.887571334838867,6.736394882202148,50.52235219769731,39.37818035797747
8341,15.825491905212402,7.278238296508789,47.13136614820031,44.42061917258742
8344,15.310233116149902,7.4571533203125,42.37741489564954,48.763191314804615
8346,12.88846206665039,6.927973747253418,28.85150261176311,62.686837166180496
8348,14.474815368652344,6.071677684783936,31.665540304350863,55.117568921721706
8349,14.01323413848877,6.89509916305542,34.42350218033769,55.75774484882303
8352,16.1481990814209,6.815248966217041,46.30152771066424,43.17548228822064
8355,17.115238189697266,7.326808452606201,54.46828214230591,37.999691310387405
8356,16.7867488861084,7.415935039520264,52.437303910214574,40.00547472152618
8361,16.235944747924805,6.811476707458496,47.10759676025226,42.60972564586868
8364,16.721649169921875,6.80059289932251,50.11872579820268,39.81880616643531
8367,16.353422164916992,7.252967357635498,48.312815733974205,43.65834518612978
8368,16.760055541992188,6.830618858337402,50.58723040785821,39.64220466462619
8371,16.695920944213867,7.309922218322754,50.82562434881444,41.4485523947842
8372,15.596076965332031,6.819582462310791,42.73581496205277,46.788448270197456
8375,17.461055755615234,7.264974117279053,56.77254396540972,36.01006111503762
8376,16.852893829345703,6.868587970733643,51.05103716208404,39.49540966167935
8379,16.73613739013672,7.221158981323242,51.38357281797076,40.67578590700885
8380,16.867385864257812,6.793965816497803,51.59168869759008,38.72708601892111
8383,15.95136547088623,7.585376739501953,46.79789383456806,46.11828812832915
8393,11.25651741027832,6.616353988647461,21.66244573082489,71.10769416304872
8397,13.47743320465088,7.398788452148437,34.5674102462128,57.58161900285621
8400,14.524639129638672,6.985243320465088,36.81227030472341,53.446615766419406
8408,17.204673767089844,6.601647853851318,54.90369955505771,35.747845296991194
8410,12.617949485778809,6.814197063446045,26.90213001638474,65.77435211040084
8412,17.011974334716797,6.745749950408936,52.50828166142869,37.51974857725304
8413,10.209856986999512,6.10041093826294,16.115336528443425,78.17644300896019
8414,10.367302894592283,6.110205173492432,16.52316824882871,78.07049819707116
8416,17.813560485839844,6.354015350341797,55.48213319236239,33.31193595891705
8420,17.0623779296875,6.854346752166748,52.35534953763617,38.26678274782936
8424,14.567397117614746,7.633220672607422,40.82881734140899,52.52916799489958
8428,17.04283905029297,6.718820571899414,51.78039491710763,37.33738892170787
8432,18.298194885253903,6.307282447814941,59.47781334337539,29.70438712106948
8436,17.64004135131836,6.516379833221436,55.19669255825608,33.98271109997494
8440,15.563802719116213,7.296111583709717,43.8840263967878,48.02720743771295
8443,17.410348892211914,6.882333278656006,54.89834254143646,36.29171270718232
8447,17.221717834472656,6.814109802246094,53.460467582976094,37.521545056790565
8460,13.51417064666748,6.582876205444336,29.853431093906277,60.36163736967456
8463,17.41499900817871,6.860655784606934,55.30717462316503,36.15647998740604
8472,15.035192489624023,6.994710445404053,40.3367620599518,50.727048466125765
8476,15.33212947845459,7.272982597351074,45.38219281755816,46.0962867117502
8487,16.512462615966797,6.89049243927002,50.37765426820579,39.97577312241699
8489,13.487826347351074,6.283773899078369,28.880782139209103,60.1123595505618
8490,13.510531425476074,6.528013229370117,30.247310735611165,59.71465014165904
8495,12.013050079345703,6.127466201782227,21.723744626093065,69.59465387652443
8500,16.31785774230957,7.202051162719727,48.862710231903385,42.25753871230644
8504,13.512118339538574,7.335813522338867,34.37710329797122,57.765776737925066
8505,14.79410457611084,7.013707160949707,39.15941094270665,51.74674836074384
8514,14.221147537231444,7.023127555847168,37.06848772763262,54.06571654790182
8515,15.433019638061523,7.375199317932129,44.28537341923169,47.59802751928736
8517,16.368764877319336,6.988470077514648,47.25461148810093,42.79206091305872
8518,16.533668518066406,7.12611198425293,49.60409539985168,41.84069723863519
8520,15.451777458190918,7.419069290161133,43.37929053568864,48.62846474220881
8521,14.43513011932373,7.535280704498291,38.23762176784609,54.35342532771199
8523,14.96800422668457,8.164985656738281,44.62112562310284,49.06012420284608
8529,15.243448257446287,7.094431877136231,42.21776571900436,48.69883213400967
8530,18.451629638671875,6.573349952697754,61.30259623992838,30.23864145031334
8534,16.078645706176758,7.102544784545898,47.272192827748384,44.02312365275328
8535,15.450918197631836,7.291789531707764,44.18759030028506,47.48330665000586
8537,15.281830787658691,7.374657154083252,42.11541197110749,49.68784080671419
8547,15.049306869506836,7.085178375244141,40.94649259906224,50.19536636940333
8549,15.356462478637695,6.915412425994873,44.58909986197635,47.04181743574439
8555,11.747056007385254,6.457986354827881,22.13472771224335,69.14625416290579
8556,13.284887313842772,6.846002578735352,30.13186401133239,59.56795267061078
8562,16.032489776611328,6.950201988220215,48.14789525792906,42.01631900583797
8568,15.024401664733888,7.0405449867248535,39.91778117142549,50.12494793835902
8569,15.090139389038086,6.68510627746582,39.083000510746615,50.74309445463147
8572,14.213743209838867,6.867691516876221,34.74650442950155,55.94193617248372
8575,14.140410423278809,7.097373962402344,35.44995276625457,56.1835133692036
8576,14.021162033081056,7.0998125076293945,34.721194177152725,57.21584834279136
8580,15.237323760986328,7.275600910186768,43.03241864356016,48.31400332551871
8582,12.23916721343994,6.586434364318848,24.80731480524848,67.80969108378964
8591,13.65652084350586,7.140219688415527,33.20273668206538,58.28752704520204
8629,14.609105110168455,6.789176940917969,36.07682343243157,53.5440910404779
8630,15.652172088623049,7.470712184906006,46.0530232045417,46.25585625310037
8631,15.788628578186035,6.896640777587891,45.60279740840693,45.43898520439773
8632,17.241193771362305,6.745965957641602,54.32899946014036,36.92527442864855
8633,12.89324188232422,7.076521873474121,29.70655886247996,62.29525336307242
8634,12.657807350158691,6.997069835662842,27.982632901925754,63.54155846853772
8635,13.48339557647705,7.134512424468994,31.708956477902877,59.36817341623256
8638,13.38198947906494,6.994504451751709,32.02827577396414,59.5690499510284
8640,13.472949028015137,6.952647686004639,32.14905927300143,59.26029462841071
8653,13.172933578491213,7.158225536346436,30.98528138528139,61.063203463203465
8654,12.842855453491213,7.090059757232666,29.21513129351486,62.11185257112163
8655,13.726861953735352,7.147274017333984,33.121072475911184,57.81315458734814
8658,13.485219955444336,6.95819616317749,32.20815752461322,59.29776974080772
8659,13.390066146850586,7.011970043182373,32.2013254823563,59.3871534048433
8672,12.656973838806152,6.920322418212891,28.002092050209203,63.95397489539749
8673,12.71565055847168,7.09751558303833,28.300006229365227,63.24259224651675
8674,13.672468185424805,7.11635684967041,32.74299406188145,58.22273153453485
8677,13.344735145568848,7.011765956878662,32.03220963559438,59.53920431281562
8678,13.428584098815918,6.982925415039063,32.115301631138344,59.24570639509796
8691,11.219621658325195,6.061515808105469,18.425790800371477,74.6318442848208
8692,11.206610679626465,6.023326873779297,18.226479044880705,75.07664184930593
8697,17.51215171813965,6.703562259674072,55.20812770605499,35.71795175490545
8707,13.739103317260742,7.112476825714111,35.32330232039042,56.07897647142379
8710,13.141429901123049,6.939930438995361,31.870008588436217,59.908784884352265
8729,13.145758628845217,6.896065711975098,30.019272944773046,61.32451651491992
8730,12.731571197509766,6.831760883331299,28.170822019254505,63.66823006665021
8732,12.130433082580566,6.643395900726318,24.386009270965022,67.06447534766119
8734,14.393580436706545,7.098132610321045,37.995923778617644,52.41704097987613
8736,13.342565536499023,7.038172245025635,34.720537699615925,56.46351324034769
8750,14.035768508911133,7.676734924316406,37.41193643039068,55.723201120064346
8751,15.263158798217772,7.064988136291504,41.75594970138952,48.16632153896942
8754,17.22327995300293,6.422504901885986,52.13305864026934,37.06597658409125
8756,15.966108322143556,7.406611919403076,47.131749356057874,45.23001372138369
8757,14.672341346740724,7.0325927734375,37.84457548300494,53.01548492257538
8762,14.19064712524414,6.870824337005615,34.23837178325963,56.75635356172412
8763,13.87679958343506,7.073006629943848,33.8903454738815,57.71551315664782
8766,15.31834316253662,7.140491485595703,41.51315857827094,49.98909079574853
8774,14.48973560333252,7.002425670623779,36.79965943759903,54.466333987654615
8782,13.396974563598633,6.656342029571533,31.41272176240186,58.62502880031193
8785,13.489310264587402,6.795405387878418,32.058629246782,58.124006926963375
8786,13.984135627746582,6.00863790512085,28.53183979463843,59.64236749219685
8787,12.97049331665039,6.553595542907715,27.876516342239952,62.10454197396525
8790,12.237064361572266,6.707079887390137,24.74524858998057,66.44706700159566
8791,13.378325462341309,6.457109451293945,27.97119153051356,63.60258563648394
8792,11.286466598510742,6.941952705383301,23.76219491892252,70.04961209336396
8796,13.12058448791504,6.313075065612793,27.57088122605364,62.70344827586207
8800,12.674790382385254,6.474628925323486,25.653546678083107,64.89042891927326
8821,13.622417449951172,6.912915229797363,31.84225013763075,58.95700915870077
8828,13.899906158447266,6.891152381896973,34.15845942920393,56.40793429178773
8847,17.346481323242188,6.689069271087647,54.85299794786355,35.87378344880834
8850,16.663911819458008,7.207746028900146,51.03685848955335,40.64778039093225
8851,17.92183494567871,6.616947174072266,59.69903238606881,31.748115136900584
8853,17.71694564819336,6.522030830383301,57.79805240684423,33.19509722606212
8857,18.2266902923584,6.474993705749512,61.25331656518872,30.04616352008343
8859,18.237689971923828,6.483375549316406,61.328590209573896,29.937359832959554
8860,17.91376304626465,6.799796104431152,57.58737448431541,33.8853428816066
8861,17.949596405029297,6.758604526519775,57.54821849952221,33.927491857948006
8863,15.004026412963867,7.155548572540283,40.39829302987198,50.71498090888673
8864,14.58431339263916,7.325931072235107,38.61619678759969,53.22176045527725
8866,15.516075134277344,6.560308933258057,40.62482978640626,47.78897404972182
8867,14.80456829071045,6.806308746337891,37.834091947143776,51.2119446238168
8877,14.280941009521484,6.560955047607422,33.48478140994276,53.99395761007169
8881,14.774710655212402,6.812329292297363,37.679461575959614,51.51353136351485
8911,14.317371368408203,6.947291374206543,36.65080302451338,53.587846365836434
8927,14.508758544921877,7.021013259887695,38.67708995549904,51.55852670057216
8953,13.65300178527832,6.763758182525635,31.78777449221969,59.44059333947356
8970,7.987934589385986,4.83717155456543,7.424817227611073,88.84894871312754
8971,8.007322311401367,4.833508968353272,7.394894477723075,88.84097753970282
8974,13.365320205688477,6.968328952789307,30.09724204307856,60.75868706647639
8975,15.497246742248535,6.827691078186035,41.32792327554408,46.451158579524495
8981,17.34641456604004,6.09151554107666,53.31817993966194,33.25784188122495
8986,13.143118858337402,7.294334888458252,31.58581378078398,60.9678261044096
8995,16.573890686035156,6.636122226715088,49.696969696969695,40.78180753048943
8997,12.874972343444824,6.593216419219971,26.85261549693766,64.1077295404459
9001,12.752874374389648,6.693325996398926,26.935392014174525,64.83579067265708
9004,12.720343589782717,6.713560104370117,26.952803815161975,64.9463018481272
9008,12.757487297058104,6.700277328491211,26.989457736254025,64.77116343665172
9025,12.612565994262695,7.158787727355957,27.886037216520503,64.88148397581367
9027,12.763679504394531,7.144213676452637,28.575271481360875,64.40797949908679
9030,12.70291805267334,7.170022487640381,28.41573855326808,64.11435482056474
9035,12.76400375366211,7.140328407287598,28.68843215202007,64.28571428571429
9037,14.295560836791992,6.859688758850098,36.2754736473764,53.19680735840567
9040,15.15672779083252,6.687083721160889,39.74346941967777,49.41342092914125
9044,15.34247589111328,6.73360538482666,41.27276762090097,47.91314590054796
9045,15.288348197937012,7.011799335479736,41.84390991053712,48.85125491697706
9046,16.06267547607422,6.977439880371094,46.16924293139119,44.67730812574639
9050,14.53429126739502,6.921578407287598,37.36095395595787,52.90103577334841
9051,16.16811180114746,6.726245880126953,46.55743803050286,43.123330289810966
9056,13.431745529174805,6.266997814178467,28.893315717765574,59.24198009991329
9068,13.585250854492188,5.791157245635986,26.182112477184283,62.47374040017908
9069,14.906778335571287,6.971474170684815,39.70620043258832,50.55155010814708
9074,15.383235931396484,6.573698997497559,40.117218363424094,48.96520006132148
9075,15.425699234008787,6.594857692718506,40.40504061015431,48.86774881823862
9076,15.518630027770996,6.689574718475342,41.37597234226448,48.15787957360991
9077,15.435572624206545,6.612154483795166,40.41354933726068,48.75051546391752
9078,15.403876304626465,6.841716766357422,41.09587454541243,48.6553473396493
9080,15.918682098388672,6.912144660949707,44.35878496907026,45.75523959006556
9081,15.653482437133787,6.840800285339356,42.50476795931342,47.406808067965095
9082,15.53660011291504,6.800701141357422,41.85772395303688,47.74891374687992
9083,15.56235694885254,6.754942417144775,40.96088090408577,48.69197334106056
9084,15.578070640563965,6.69883918762207,41.21371251903885,48.21659960444656
9102,13.245389938354492,7.682788848876953,33.58632925337381,59.04284277744686
9104,12.4631929397583,7.800773620605469,31.252275097019396,61.92089140614878
9105,13.408164978027344,6.916938304901123,31.603297545079823,59.13208418953588
9116,17.337526321411133,6.571589946746826,53.09779116212845,36.34565225608911
9117,15.694952011108398,6.979352474212647,44.63871430379213,46.20048930695575
9119,15.785624504089355,6.859890937805176,44.517153748411694,45.24036425243541
9125,14.263278007507324,7.112205028533936,35.883924413617315,56.09666429744369
9126,13.972959518432615,6.8509063720703125,33.7981516316349,57.00635206237562
9127,14.953451156616213,6.750627040863037,38.00166155419223,51.46877130197682
9128,14.75362777709961,6.876376628875732,37.50257215573726,52.19147668814642
9129,16.326169967651367,6.827098369598389,47.677386978530286,42.77906266364113
9130,13.837924003601074,7.678677558898926,37.57313695958467,55.62434497740823
9132,13.261340141296388,6.883657455444336,30.392711317717687,59.96445151547167
9142,15.557183265686035,7.248507499694824,43.069492638094346,48.66047703898215
9149,16.467405319213867,7.111432552337647,48.83676988119701,42.32031932733414
9150,17.120071411132812,7.099457740783691,53.03419138659464,38.88695886051124
9175,15.74560260772705,6.766886234283447,43.5668242372153,46.26557799742157
9196,16.634119033813477,6.948575496673584,49.9661495893798,40.82948223589321
9200,13.577548027038574,6.66165018081665,30.56806625018161,60.438762167659455
9201,13.626541137695312,6.666255474090576,30.807829771118843,60.10438116878506
9204,13.949275016784668,6.704831600189209,32.926059841296805,58.13293212647722
9205,13.69698429107666,6.642309188842773,31.05140820973889,59.73829834932097
9208,15.86194896697998,7.602400779724121,47.79955261622252,44.28248395253841
9209,15.887582778930664,7.090586185455322,45.777323554166166,45.32042803895636
9210,15.798027992248535,6.912589550018311,44.01775880275693,45.86176747777311
9211,13.854016304016112,6.834090232849121,33.02103250478011,58.261950286806886
9212,15.730779647827148,7.671133041381836,47.442710872745,44.8817649926865
9214,14.110577583312988,6.884410858154297,34.44631898997015,56.858673686942666
9220,16.282262802124023,7.219131469726562,48.02823145962398,43.70963296705931
9221,15.869166374206545,7.145477771759033,45.61593172119488,44.96159317211949
9222,12.535934448242188,7.538168430328369,30.13392407612526,63.41556741516463
9223,12.589584350585938,7.575927734375,30.41734679483304,63.32144368538783
9226,15.013575553894045,7.283870697021484,41.24322809639455,50.716887726508496
9227,14.591438293457031,7.455813407897949,39.870944729972926,52.218745440101166
9239,16.82802391052246,6.748788833618164,50.51141439970424,39.53911087833883
9243,15.573906898498535,6.79806661605835,43.725330216763325,46.567730269686216
9244,12.721846580505373,7.5373029708862305,31.133406733140014,61.11929536185588
9250,13.637829780578612,6.712672233581543,30.59134933525838,60.05775130842809
9256,15.431514739990234,7.051568508148193,41.93737657059447,49.08984229657403
9259,14.151806831359863,6.743722915649414,33.31574612652494,56.7972409533124
9260,15.113908767700195,7.138890743255615,41.48739627368092,49.53812431501488
9261,15.463418006896973,6.921994686126709,42.97321697261511,47.39534662717582
9263,15.697196006774902,6.952891826629639,44.25076452599389,46.084097859327215
9264,14.86891269683838,6.889396667480469,37.66614102275288,51.43472628970489
9265,15.249399185180664,7.250091552734375,42.17124350583632,49.191012752175965
9268,16.190656661987305,7.06182861328125,46.99518900343643,43.09965635738832
9269,14.664901733398438,6.998050212860107,36.72295363480252,53.15016218278954
9270,15.61708927154541,6.563032150268555,41.41029928105668,48.674970740678816
9271,16.529769897460938,6.7548604011535645,49.34048341632537,39.98841057976566
9278,14.567346572875977,6.357479572296143,35.37311624525858,53.45343386238455
9282,15.549619674682615,6.774247169494629,43.25155331011342,46.06856253428764
9283,14.036141395568848,6.752175331115723,33.1741910973216,55.38656366744761
9284,14.8582124710083,7.023401260375977,39.37548587717025,50.93995147117718
9285,14.352181434631348,6.396923065185547,32.827033023295506,54.29522265429766
9286,14.58963108062744,7.2864580154418945,38.641985376063495,52.67335344804154
9290,12.405935287475586,6.900051116943359,27.37147890044347,64.90721139731446
9292,12.162691116333008,6.77492094039917,25.963683688646505,66.28656420426375
9293,13.406435012817385,7.127407550811768,33.45920163534154,58.11708591221396
9300,14.841654777526855,7.43974494934082,40.448872478715934,51.59592322480242
9309,14.01787281036377,6.827058792114258,33.81790024252695,57.10194898167899
9340,10.81740379333496,6.14614725112915,18.152192458624807,74.43780924756868
9350,12.411551475524902,7.482551574707031,30.183338026707773,62.91591943205229
9353,15.203362464904783,7.012298583984375,40.694379991695776,50.56175658842782
9360,13.467904090881348,6.49457311630249,29.956163944558263,60.67459454510078
9368,14.272577285766602,7.738960266113281,38.90032885637889,53.127209023573165
9373,12.239217758178713,6.951312065124512,26.68330336660673,66.07818215636432
9374,16.281545639038086,7.575001239776611,50.06019783938566,40.72953273460888
9376,12.622905731201172,6.710321426391602,26.08619430241052,65.30898466033601
9377,13.00640869140625,6.665127277374268,27.26262019230769,64.39302884615384
9378,12.957054138183594,6.792801856994629,28.267155872018908,63.33447343055253
9382,13.898755073547363,6.489195346832275,32.11772901428074,57.49216300940439
9383,10.761844635009766,6.219015121459961,18.08403014349128,74.30783524310932
9384,10.532018661499023,6.339684009552002,17.709260217278842,75.59648215209519
9385,12.317291259765623,6.5993499755859375,25.25354760085101,66.20122694317642
9389,14.873153686523438,6.9073991775512695,38.38635364928027,51.80233564589797
9391,14.330921173095703,6.660754203796387,36.0897451650161,53.77951981913351
9394,15.382922172546388,6.645255565643311,42.052820549892765,46.83727318730572
9395,15.211677551269531,6.650609016418457,40.37379985116324,48.67449889592407
9396,15.785518646240234,6.775757789611816,44.72433056560202,45.595401830438256
9404,16.942951202392578,6.963905334472656,52.42455436961586,38.45153600260064
9408,12.65434741973877,6.578763008117676,26.94523440049551,64.20821983496393
9417,15.077757835388184,7.321865558624268,41.98615894470076,49.23971668074599
9420,12.577936172485352,6.624993324279785,26.77145875399489,64.47588355642326
9421,15.855915069580078,7.648286819458008,48.049894241603575,42.76592800521873
9422,15.404951095581056,7.460062503814697,44.2119391147851,46.01165238080713
9424,13.540047645568848,7.151051998138428,32.698223677681845,59.00565644537065
9425,12.042132377624512,6.230875492095947,22.01507899747826,69.60269672173331
9442,13.52846908569336,6.864109992980957,31.46366814702825,59.76188226400832
9464,14.793290138244627,7.107478141784668,40.97259022033807,49.980416100269565
9465,14.01168441772461,6.624516487121582,34.33690873110596,56.13656838814498
9467,16.27210807800293,6.707987785339356,48.18711713384073,41.38481529608316
9468,12.563204765319824,6.759941577911377,26.94329937882556,64.87014388080719
9472,16.372465133666992,6.809090614318848,48.7996096652214,40.36638241719247
9475,15.337838172912598,7.164649486541748,43.07952622673435,44.61630337414154
9478,16.484460830688477,7.080912590026856,49.62487134017039,41.22694973896006
9481,13.033576965332031,6.700562000274658,29.24522113328348,61.86352842392516
9492,14.28870677947998,6.594385147094727,35.31948927418664,52.347491597398765
9498,12.836758613586426,6.705567359924316,28.00157822055632,63.2195699348984
9508,13.158772468566896,6.620169639587402,28.39407744874715,63.17894203998987
9514,12.902965545654297,7.038811683654785,29.40136242715013,61.99504851532346
9517,14.776097297668455,6.457939147949219,36.16350652548633,52.91307559714357
9518,12.754263877868652,6.377466201782227,24.407213905355167,66.44479051542248
9519,13.677013397216797,7.281527042388916,34.48220782678143,55.46543615227616
9520,16.373414993286133,6.5452799797058105,47.4290939079924,41.47513356520492
9522,12.160380363464355,6.743165969848633,25.39178412462908,65.36535608308606
9523,14.448796272277832,6.790770053863525,36.64375609529559,52.49849068871036
9525,15.429673194885254,7.030693054199219,42.62410001022301,48.156207556263055
9530,17.167436599731445,6.881081581115723,52.78044823649582,38.269843177311785
9531,17.482608795166016,6.793161869049072,54.9765031931558,35.999819255331964
9533,14.64289379119873,6.894993305206299,37.921910095074,51.97993907879758
9534,16.11185646057129,6.982058048248291,45.66788430823727,44.70009646251403
9535,15.120309829711914,7.069519996643066,41.59312373598088,48.92115147217188
9537,13.485448837280272,6.97215747833252,32.12678033573458,59.61496635404377
9538,15.086153030395508,7.027227401733398,41.46010678569783,48.96341503558426
9541,13.906176567077637,7.030180931091309,34.20353806925526,56.76368392543368
9542,10.558066368103027,5.991461753845215,15.937234832414084,76.74811731014
9545,17.045364379882812,6.942291259765625,52.88259675943371,37.98514291866286
9548,10.807939529418944,6.571941375732422,18.72655785198789,76.56949222690706
9549,14.15109634399414,6.916131973266602,34.18966007680273,56.71757218034419
9562,16.417808532714844,7.062422752380371,49.19619166536601,42.09770563446231
9564,16.301090240478516,7.223355293273926,48.937227509258825,42.83718531714406
9566,16.16455078125,7.139467716217041,47.68657952961588,43.702057565036014
9573,14.852526664733888,7.502302169799805,41.53053560531381,50.04342111439704
9585,14.875455856323242,7.362162590026855,40.79195267519532,51.00657435343408
9586,15.163959503173828,7.043349742889404,41.67172557851105,48.85668592316982
9597,15.758919715881348,7.157273292541504,45.96824465549485,44.98673804896532
9600,14.927891731262209,7.316953659057617,40.85387977953246,51.072101180088815
9601,14.854048728942873,7.046372413635254,39.42180488184483,51.30606209955643
9612,14.437257766723633,7.379786491394043,38.97243543796407,53.080397219187326
9615,15.381991386413574,7.090872764587402,43.64027406089308,47.10596740973224
9616,16.515138626098633,7.095170497894287,50.0790704070407,39.53589108910891
9618,17.176828384399414,6.860701560974121,53.65037873996936,37.36526272889526
9621,17.610811233520508,6.656817436218262,55.91996026396083,34.659760164620735
9623,13.923871040344238,6.754654884338379,32.79714482145024,56.932705140130224
9626,14.243400573730469,6.633784294128418,36.67857916395928,53.212042451808536
9638,16.228654861450195,6.935960292816162,46.4787548339058,43.70091033555112
9644,15.452302932739258,7.376079082489014,43.89708528247572,47.60345448002879
9648,14.45738410949707,7.266695499420166,37.96699095678768,53.377362967650086
9650,13.959680557250977,7.548593997955322,35.53254401869045,57.22612282644407
9651,16.246137619018555,7.3747878074646,48.921566449721226,42.8130344965459
9654,16.260461807250977,7.085529804229736,46.98989248177828,44.1938817970711
9655,16.311355590820312,6.991576194763184,47.414891784832655,43.38940237671508
9667,16.002283096313477,6.936588764190674,44.59798187544187,45.70987852689762
9668,15.294999122619627,7.138891220092773,41.9871459922667,48.55000522520639
9669,14.588409423828123,7.070194721221924,38.005035367461936,53.054190145066535
9671,15.994854927062988,6.96345329284668,44.73541100188245,45.860698598619535
9672,15.397180557250977,7.086251258850098,42.319685894279694,48.11069449178755
9673,14.532360076904297,7.09407377243042,37.80842698368472,53.28318008730379
9678,14.53189468383789,7.217578887939453,38.36121626572231,53.232384906582
9682,15.308349609375,7.01882791519165,41.0809645427709,49.865667186308
9688,15.16208267211914,7.418682098388672,42.58351327321224,49.60116855074305
9691,15.585078239440918,6.80562686920166,41.95310046410999,47.00247757964895
9720,14.89760684967041,7.367257595062256,40.94679316466933,50.36687194851309
9729,14.52812671661377,6.403260707855225,34.896260190656946,51.74481300953284
9747,15.87264633178711,6.973557949066162,45.147445659698185,45.21390004153399
9748,16.052003860473633,6.904365539550781,46.272274091822965,43.99184775124625
9753,16.10626220703125,7.213709831237793,47.35491687899792,44.238547476079326
9756,16.03212547302246,6.934712886810303,45.73908109982244,44.82291261727902
9759,14.281747817993164,7.264543056488037,36.38019333447487,55.19683691100698
9762,13.383428573608398,7.055605411529541,30.643376304848505,60.94427661292736
9764,15.985122680664062,6.810572147369385,43.541559112028914,46.436757872999486
9765,14.38918113708496,7.411701202392578,37.36681618573329,55.22669209668115
9767,12.04603385925293,6.42518424987793,21.925433557634445,70.22949833141857
9768,14.36764144897461,7.218286037445068,36.34298603720236,54.6264673645418
9769,13.405627250671388,7.058579444885254,30.625492932111875,61.19790086756052
9770,15.862792015075684,6.83250617980957,43.36171554714601,46.56456953642384
9771,11.636322975158691,6.568420886993408,22.143344458171224,70.8028322239227
9772,11.60426425933838,6.792298316955566,23.322738674128203,69.37600173861074
9774,13.116761207580566,6.744797706604004,28.995371115381342,62.64897151674066
9775,11.200971603393556,6.872437000274658,22.46333336410039,71.53247616322537
9777,12.57134246826172,6.9039306640625,27.05643457439316,65.57702239541763
9778,12.534494400024414,6.926330089569092,26.78465538475573,65.52707202481413
9780,14.407901763916016,7.453436851501465,37.788871365076055,54.61998670507423
9783,14.14242458343506,6.953303337097168,35.22774282820502,55.758120426242144
9786,15.817157745361328,7.095685005187988,45.4469925942903,45.31807308303849
9789,13.183151245117188,7.345781803131103,32.94277388743955,59.154499824553376
9792,13.134516716003418,7.793086528778076,33.7362439112394,59.65933008599434
9795,12.312037467956545,6.396452903747559,23.86981165150659,66.45176369762957
9813,13.773529052734377,7.158404350280762,35.152851804202655,56.42957789622006
9831,11.554896354675291,6.692474365234375,22.531526862614445,70.66952937982775
9833,12.49972915649414,6.959664821624756,28.32883520829436,64.56457258904952
9834,12.29100513458252,6.735936164855957,25.809116602652367,66.04391622581346
9835,11.404159545898438,6.086269855499268,18.943692229726008,70.83916315041479
9839,12.441169738769531,7.1781816482543945,29.18051302100302,62.80271931539281
9847,14.817781448364258,6.931001663208008,38.21222130470686,51.15824242687644
9848,13.749116897583008,6.59657096862793,32.48904301944598,56.42738606867793
9860,10.520764350891112,5.642549991607666,14.714601003981306,78.04872771334603
9867,11.1300048828125,6.510706901550293,20.643409673380063,72.59599068471991
9873,12.986202239990234,6.197674751281738,25.6048141377209,64.07068860450944
9875,13.024395942687988,6.226326942443848,25.975431323538377,63.39998780710846
9884,17.760894775390625,6.5839524269104,57.328464864138354,33.61371833068256
9892,13.372443199157717,6.007448196411133,26.50066534205873,62.221331048688455
9893,13.51407241821289,6.022846698760986,27.277079152320805,61.43280614217591
9901,14.44328498840332,6.410082817077637,34.27832821355947,52.52022671223987
9910,17.948183059692383,6.691283226013184,57.11411747420292,33.930085104940154
9917,13.403531074523926,6.336410045623779,28.61886882769144,60.36409328207506
9924,13.419541358947754,6.338435649871826,28.64287847118543,60.40459838757838
9937,17.890836715698242,6.899144649505615,58.55087120493858,33.402861176074
9940,9.71592903137207,5.871833801269531,14.143075745983166,79.82019892884469
9942,15.36147403717041,7.136067867279053,42.465124049786986,48.68153593406287
9943,15.206738471984863,7.24439001083374,42.1248938805617,49.0306598193534
9979,14.366803169250488,7.377475738525391,39.17435986761888,52.47285606456482
9983,15.621033668518066,7.409905433654785,44.9551146434902,46.07810623820687
9987,14.51287841796875,7.175064086914063,37.84361496736233,53.43155281787257
9991,12.60147476196289,7.079895973205566,28.774286511109043,63.0682346379102
10000,14.012310981750488,6.367423057556152,30.941014791508444,55.54229503453762
10009,11.00121784210205,5.81095027923584,16.675042717861093,74.96733340034174
10014,14.744497299194336,7.037513256072998,38.26367541377415,52.80837116508215
10019,14.736836433410645,7.029543399810791,38.151188695944086,52.92418184962513
10029,10.616095542907717,6.317276954650879,18.25563221896085,74.51301795448481
10031,12.507965087890623,6.278254985809326,24.04914120731815,66.39365995934361
10051,13.289450645446776,5.999059677124023,25.97693550756574,62.85625091817247
10053,11.366683959960938,6.261155128479004,19.9510754583921,72.41052538787024
10056,14.220160484313965,6.179456233978272,31.763454814173965,57.06174975667784
10064,12.717829704284668,6.964223384857178,28.79526157616783,62.752993123838976
10075,15.15776538848877,6.440617561340332,39.12971468951506,47.451638547831465
10079,15.094828605651855,7.31373929977417,41.90291825969123,49.44586942844698
10080,15.77798557281494,7.280473232269287,46.36674471691274,44.71005476580028
10082,16.466176986694336,6.713103294372559,48.64539376985444,40.55853207529278
10083,15.639245986938477,7.120797634124756,44.85551892351528,45.88635448212074
10084,15.100918769836426,7.150446891784668,40.90648998644782,50.266526125583496
10085,15.868975639343262,7.192723274230957,46.18303917834116,44.72425614762771
10086,14.391849517822266,7.21549129486084,37.25857902368293,53.01304978250363
10087,15.073278427124023,7.275453090667725,41.532405798190645,49.89713190601896
10089,13.99016284942627,7.276058197021484,35.45955760665008,56.36117757203787
10090,14.290030479431152,6.618870735168457,36.62647808949687,51.19638302805471
10093,14.095555305480955,6.567240238189697,33.37738587863163,56.45514223194749
10094,14.194278717041016,6.761364459991455,35.374596399058724,54.92584687790729
10097,14.353371620178224,6.862496376037598,37.79620079639663,51.30883216920165
10117,15.465736389160156,6.682236671447754,44.11904941152852,44.470375668147256
10119,14.08783721923828,6.751744747161865,35.080178957422206,54.69763233298145
10120,15.281946182250977,8.03149700164795,46.16877571617111,47.71627461636002
10124,13.865659713745115,7.032463550567627,34.5643361911253,56.06951967571834
10126,13.396150588989258,6.636660575866699,29.66113660430639,61.08718672785034
10128,17.4269962310791,6.706382751464844,56.035537585784965,34.87790604883758
10136,15.42372703552246,7.273076057434082,44.31174429295975,46.89016975293384
10144,12.107621192932127,6.127299785614014,21.81051363157102,68.90219410553799
10145,10.649398803710938,5.892544746398926,16.562272626617318,75.2949922495334
10150,14.96023654937744,7.495412349700928,41.1976336628155,50.73901674610092
10161,13.44881534576416,7.030507564544678,31.811469984215616,59.47317503691508
10165,13.053361892700195,6.732503414154053,29.06502057613169,62.05925925925926
10167,13.231579780578612,6.814800262451172,30.187672922430743,60.85369512317077
10168,13.192431449890137,6.901051044464111,30.32226968271644,60.489969584656045
10174,16.577260971069336,6.9729180335998535,49.41022647023864,41.36805084568
10176,16.6510009765625,6.857436180114746,49.76284530002504,40.733579992767126
10177,16.618896484375,6.78722620010376,49.091724451821904,40.96811330352601
10180,16.484853744506836,6.869388103485107,48.18788671242047,42.14625784373221
10182,16.7344970703125,6.319553375244141,50.86261754931768,37.53329090951944
10198,14.42868709564209,7.342130184173584,38.63040889241763,53.21556173084557
10199,17.241365432739258,6.977040767669678,53.8895838711172,37.673993765016576
10200,12.823040008544922,7.258786678314209,30.670315186629825,61.66377862672028
10201,15.949951171875,7.272071361541748,47.05686817663353,44.64787355385367
10202,13.546006202697754,7.495509624481201,34.039803566813134,58.643656679324806
10203,16.804067611694336,6.612307071685791,51.21873506452127,38.88734002442781
10204,14.764826774597168,7.063892841339111,39.03550736193058,51.73018657311433
10205,11.44590663909912,6.666749954223633,23.171405828505726,69.3892893468359
10206,10.123045921325684,6.362936496734619,17.546260751521626,76.32161653926183
10207,11.383541107177734,6.614628791809082,22.64692568425469,69.82544466894107
10208,9.476306915283203,5.542388439178467,11.935778252454446,82.34503645316245
10215,15.466943740844728,7.149605751037598,44.25353739532197,46.60080029701745
10219,14.156618118286133,7.303107261657715,37.30760536752769,54.16640979799848
10243,16.610477447509766,6.202471733093262,48.99322970740053,38.13005395762353
10244,15.569514274597168,6.620990753173828,44.09914743933703,43.51189411554284
10245,16.655576705932617,6.211402893066406,49.20311772917636,37.8926244765007
10247,15.606328010559082,6.619030952453613,44.63128130311189,43.11970761201438
10249,16.122364044189453,6.232278347015381,45.99346559331739,40.44932466570111
10251,12.176095008850098,7.589537143707275,29.171162984419077,65.16631642717859
10252,11.992947578430176,7.61454439163208,27.49379605955783,67.02981651376146
10255,11.925454139709473,7.226425170898437,25.79970961686072,67.96907512045351
10257,15.23657512664795,7.293253898620605,40.73859706085803,51.24722955517596
10259,12.644243240356444,7.628553867340088,30.44855506995968,63.863197479418645
10260,13.66348648071289,7.209779262542725,33.649696546675635,58.16259650496676
10262,14.715874671936035,7.44535493850708,39.05868275415067,53.17345565139353
10263,16.738603591918945,7.0742387771606445,49.39656870722661,41.793933995152
10265,15.084928512573242,7.165980339050293,40.79404203440142,50.56452254114654
10267,16.266199111938477,7.47594690322876,48.979340421075975,43.15474357237012
10268,16.935667037963867,6.978277206420898,51.358855384769306,39.75386770389085
10269,18.601375579833984,6.789203643798828,61.87337452353759,30.434423635287803
10276,13.208205223083496,6.971554756164551,30.488901407230063,61.73070881495845
10277,13.538413047790527,7.044485569000244,32.54513728143585,59.47556473534893
10279,13.925531387329102,7.008359909057617,36.14150255288111,55.00052099614463
10281,13.017809867858888,6.874162673950195,31.27083333333333,60.02395833333334
10282,14.26536750793457,6.788408756256104,37.69666238321815,51.45347827596986
10285,13.978118896484377,7.0409979820251465,35.409403063919704,56.59799260433175
10288,14.539219856262209,6.821280002593994,36.32130690412617,53.66646059952386
10291,12.224679946899414,6.73731803894043,25.17103663830526,66.22909069861666
10292,11.180916786193848,6.445030689239502,20.076853630871085,72.58385610778028
10303,17.625085830688477,6.581119060516357,55.60227756143853,34.54955986779672
10306,14.26020336151123,7.368005275726318,37.096631336541584,55.58294706385995
10311,16.35218048095703,6.581706523895264,48.19244327726122,40.99888802138784
10312,16.433502197265625,6.453651905059815,47.64519886836412,41.258350569384014
10315,16.718170166015625,6.396562576293945,49.80104768156911,39.02144933749548
10316,15.963627815246582,6.603254795074463,44.94665826877999,43.61490062140032
10318,17.49652099609375,6.316052436828613,56.70987459163241,32.076088102012854
10323,14.295083999633787,7.366312026977539,38.07323256634896,53.329482365777736
10324,16.40949821472168,7.020641326904297,49.33066869686588,41.42399441695216
10330,14.982226371765137,7.181946754455566,40.8258484171492,49.59345886715604
10334,15.036060333251951,7.193814277648926,41.3076837892139,48.98672699371945
10337,13.954005241394045,6.840258598327637,33.93529562525876,57.00076888196676
10340,13.434247016906738,7.499791622161865,32.83324760435122,60.38177973366863
10349,13.647002220153809,7.363272666931152,34.23619285559853,58.295096932279534
10350,16.61882972717285,7.269717216491699,50.72491709724686,40.63777280789697
10354,12.31981372833252,6.728534698486328,26.00001880176361,65.03812057571
10356,12.460744857788086,6.90556001663208,26.986642314854603,64.91548488755193
10357,11.870899200439451,6.856907844543457,23.79965777181705,69.1485917772742
10363,15.906377792358398,6.928854942321777,45.72169478091562,44.58018160828437
10366,15.787737846374512,6.835243701934815,43.86795611291264,45.456806420447485
10370,15.606097221374512,7.676754951477051,46.57764975833618,46.1431430942733
10371,12.756390571594238,6.917054653167725,27.564200162403573,63.781465692245234
10372,15.671711921691896,7.173460483551025,44.87444568381533,46.94071877465517
10376,14.448493003845217,6.558135032653809,35.31761390905854,52.73025653728848
10382,16.920719146728516,6.335554122924805,51.10757294312395,36.85001958628707
10386,15.166102409362791,6.704976558685303,39.42701804301591,49.43307463695649
10388,16.381010055541992,6.662625312805176,48.47555285994215,40.79733134272651
10394,14.594158172607422,7.0051116943359375,37.90435362235496,52.38201042987283
10396,15.396685600280762,6.995738983154297,42.49165870854408,47.5978259588064
10401,17.07668113708496,6.757918834686279,50.737264475216406,39.62849165930104
10405,17.724506378173828,7.103465557098389,57.47452091449258,34.89060716955888
10417,16.042770385742188,6.708996772766113,45.70671820752354,43.346218547550016
10422,15.154898643493652,7.147904872894287,42.46291620640682,48.33122928830677
10430,14.110149383544922,6.914755344390869,35.35752328274487,55.51212266317466
10437,13.82007884979248,7.791238784790039,37.7450226766085,55.788300407410254
10447,17.15140724182129,6.410357475280762,52.65763168012303,35.808342945021145
10455,15.190045356750488,7.051345348358154,41.825540929036165,48.78007262823423
10456,14.454266548156738,6.628337860107422,36.50077888005247,52.24918695854171
10464,15.15853786468506,6.472354888916016,39.01352410624808,48.814780270482125
10477,11.998312950134276,7.144931316375732,26.37196486655857,66.94949816474521
10478,12.37693977355957,7.215116500854492,28.43170046928371,65.0327890453168
10483,11.750926971435549,6.865482330322266,23.71564982068601,69.94565576114937
10490,14.560959815979004,7.092024803161621,38.34056761268781,52.98497495826378
10491,17.110151290893555,6.93360710144043,52.198381990854735,39.04326415758002
10493,16.343732833862305,7.001700878143311,47.97093274048512,43.01688953777748
10495,15.85881519317627,6.944991588592529,44.2064659122392,46.399420326918566
10498,15.24736213684082,6.903358459472656,40.622625291193806,49.74026135811543
10504,16.53435707092285,7.045085430145264,49.48831474527826,41.675727175923335
10507,15.394850730895996,6.9561052322387695,41.34751432888079,49.15705412599822
10515,11.172955513000488,6.412158966064453,20.76053442959918,71.11045857191797
10522,13.639531135559082,6.789026737213135,33.11639656611933,56.14095181006616
10524,14.489990234375,6.388260841369629,35.66458938022878,52.32841044903535
10532,13.534872055053713,6.609522342681885,30.083358336485905,60.319344613016426
10535,14.959185600280762,6.7557220458984375,39.829524624220944,50.05499205670292
10538,16.135496139526367,6.57369327545166,46.50466169917999,42.86703860411128
10541,13.52536964416504,6.619014263153076,30.040469636008567,60.23387684995647
10580,15.12808609008789,7.211945056915283,42.11947664943894,49.36560040974065
10584,13.238717079162598,6.559761047363281,28.496735392976262,61.20590848797826
10587,14.956988334655762,6.713265895843506,40.28362447608003,48.06092538649086
10588,9.076333999633787,5.95155143737793,13.72955945708065,81.29244452679853
10589,13.40757179260254,6.44981575012207,28.63962740151368,61.46516592276344
10593,13.411908149719238,6.587475776672363,29.58602846054334,60.03104786545925
10594,11.5798921585083,6.462536334991455,21.65096130613372,70.36519277898589
10604,14.22918701171875,7.058413982391357,36.27073884838395,53.264634403046486
10605,14.455839157104492,6.625325202941895,36.37430731853793,52.64788578603991
10608,15.183523178100586,6.703747272491455,40.46682440376827,48.47948208038786
10609,14.409080505371094,6.656954288482666,36.34028407373829,52.79128547487568
10611,12.363786697387695,6.775931358337402,26.12592231658082,66.43115689823193
10612,15.470751762390137,6.442357540130615,40.85600148036879,46.90918590601835
10614,15.505966186523438,6.958383560180664,44.03109939074293,46.23715558788761
10618,15.149192810058594,6.853418350219727,39.46473180100677,49.64788290380488
10628,12.162248611450195,6.66652774810791,24.753144163808336,65.73121297162457
10633,17.077592849731445,7.045090198516846,53.48925429317615,37.56255562526445
10634,18.36520767211914,6.233443737030029,61.24193011647255,28.690848585690517
10637,16.505495071411133,7.140479564666748,50.60942950082955,40.67435693103583
10649,13.885766983032228,7.152400493621826,34.729311575996405,56.82870064267013
10650,14.89059352874756,7.149857521057129,40.0467009140036,50.70918673694042
10651,14.975393295288086,6.353970527648926,38.1703609042436,50.05802082874308
10653,13.929256439208984,7.150288105010986,35.39890679430174,55.99422243620607
10655,14.714083671569824,7.235682487487793,41.10040070613949,50.99055678538404
10678,13.676732063293455,6.897497177124023,34.08429061799075,56.61672676803351
10682,10.160699844360352,6.040851593017578,15.951904862134286,77.50868238265627
10691,14.799694061279297,6.692770957946777,37.96589820012428,50.215374245663554
10692,13.646878242492676,6.926037311553955,32.280205163130226,59.560091089024624
10696,11.382928848266602,6.939324855804443,22.12135227871656,71.94763846013187
10700,13.045499801635742,6.940634250640869,29.59319441388775,62.05173335009586
10701,17.361915588378906,6.333740234375,53.38651358705781,34.7746673127819
10702,16.868974685668945,6.71171760559082,50.722827732364514,38.93997880714502
10705,15.926617622375488,7.041968822479248,47.39586396157993,43.71851416250123
10706,16.28021812438965,6.383410453796387,47.03607492333835,40.26445829020098
10707,16.013872146606445,6.656579971313477,46.35622696360899,41.9893059232726
10708,14.388591766357422,6.918525218963623,37.03977388187914,52.71471060944744
10709,16.097585678100586,7.066607475280762,47.54662944769707,43.19998549910275
10712,14.697415351867676,6.56851053237915,37.53835915258624,51.4132805856472
10714,14.427356719970703,6.825867652893066,37.06183755387433,52.36677086994321
10715,12.633962631225586,6.989377975463867,29.373738089334417,62.53409372675428
10721,13.746030807495115,7.085493564605713,34.22825565844919,56.718225631450125
10722,14.67177677154541,7.011893272399902,38.20738298067234,51.98864156819639
10724,14.31239414215088,6.859522819519043,36.72264295906047,53.28064976402152
10726,13.65969944000244,7.068632125854492,32.278474804053324,58.739859330397
10733,14.447784423828123,7.245124340057373,37.93290501940974,53.69971690596871
10737,14.076179504394531,6.933516025543213,34.34533227848101,56.94224683544304
10739,13.26578426361084,6.742220401763916,30.012648059206597,60.77136069188303
10742,16.437490463256836,6.646896362304688,47.096132844221664,42.47710789392624
10765,15.061677932739258,6.941338062286377,40.537078036767085,50.33334162541357
10769,16.28371238708496,7.23276424407959,47.98854659545519,43.66407408159535
10772,13.974020957946776,7.210696697235107,35.23887579824472,55.933476761260806
10773,16.23533821105957,7.254239082336426,48.03235371240696,43.79046735381326
10776,13.400026321411133,6.906876564025879,31.26334196302857,58.92492165145116
10782,16.917070388793945,7.200443744659424,52.33809668592278,39.94932603628256
10786,17.224533081054688,6.878839015960693,53.38447213231056,37.59765884804682
10790,15.478485107421877,7.249299049377441,42.77226490807852,48.72305347310791
10791,15.179649353027344,7.096309661865234,39.98082615715823,51.232844456404735
10793,14.164093017578123,6.642333984375,34.502846551039326,55.64676287567853
10794,15.23922634124756,7.067513465881348,40.16905917070975,50.91281948682038
10797,14.568840026855469,6.892253875732422,37.29608100506282,53.85570973185824
10798,16.26872444152832,6.9769463539123535,46.510654330807554,44.07976444649112
10799,14.313819885253906,7.179026126861572,35.643988724221494,56.17777484710111
10801,14.17569065093994,6.537234306335449,33.86742067232171,55.59445267268076
10803,17.711875915527344,6.744103908538818,56.24081144827441,34.31097760901986
10806,15.883821487426758,6.458151340484619,44.08925175341902,43.77187988322653
10821,18.94810676574707,6.228982448577881,64.83181856394258,26.17670960329544
10822,18.26084518432617,6.748907089233398,61.44479716544213,30.988588026870744
10823,18.574342727661133,6.691743850708008,61.866399887672,30.380335579893288
10830,15.892714500427246,7.448307514190674,46.7725676651938,45.41674367030125
10834,12.84617042541504,6.727729320526123,27.370596610480867,64.28328663941579
10836,17.503206253051758,7.386814117431641,55.16606873014731,37.6998118812899
10841,15.929524421691896,7.423199653625488,46.82196210558928,45.36292079351709
10845,15.939168930053713,7.4366278648376465,46.95994139646065,45.192196476076646
10849,12.913581848144531,6.9143385887146,28.95798209744875,63.171229240212746
10851,17.566604614257812,7.424368858337402,55.70956755083084,37.365053153060174
10853,12.520878791809082,7.140484809875488,28.36306033862042,64.68452344216091
10855,17.57946014404297,7.391486644744873,55.737497991875706,37.18013448695293
10865,12.999736785888672,7.02469539642334,30.361671572471817,61.76527504761516
10867,16.965343475341797,7.534398078918457,51.18908338208163,41.397426090086846
10869,12.807159423828123,7.114425659179688,29.61864277195021,62.95401490361581
10871,17.01753044128418,7.512072563171387,51.52624032119301,40.96243188987668
10874,17.57349967956543,7.117828845977783,55.63141949309096,36.4634596911254
10882,15.991589546203612,7.2309956550598145,46.282089744139206,45.79636851955028
10884,17.83124542236328,6.93223237991333,57.61425271844912,34.24207821866971
10889,17.178266525268555,7.098919868469238,54.525138434778775,36.809890242962666
10890,16.731689453125,7.160408973693848,51.18847575692769,40.359292413919526
10893,16.39208221435547,7.085966110229492,48.939141694413614,42.71272660007399
10895,16.02364158630371,5.945394039154053,41.79498902706657,43.80852231163131
10896,13.126147270202637,7.078771114349365,30.402261895756112,61.51656706256146
10905,17.506864547729492,7.073863506317139,55.77715965358743,36.22240634432148
10927,12.10288143157959,7.497755527496338,28.353591160220997,65.04448967723175
10929,11.825190544128418,7.199345111846924,25.22422967985581,68.13685520556176
10930,18.13744163513184,7.192187786102295,59.69532694049199,33.34904665616355
10931,13.916086196899414,7.155141830444336,34.58791038566737,57.30661308454232
10933,17.231689453125,7.023889541625977,53.44219564550752,38.20434682612696
10941,13.793875694274902,6.701656341552734,32.98919840818647,56.61398521887436
10945,11.967044830322266,6.242101192474365,21.761217323449085,67.72454155286773
10946,13.118867874145508,7.144097805023193,30.70703403203508,61.0649499364605
10947,9.564623832702637,5.598701477050781,12.41240328918054,81.68671770567505
10949,15.718734741210938,6.996372222900391,44.72669214071722,46.2605170155894
10956,15.033859252929688,7.0415754318237305,39.58307743599642,51.46431767534085
10957,14.762633323669434,6.761969566345215,37.4549354031558,51.88173415717714
10959,13.957406997680664,6.927222728729248,35.37810682178741,54.59470993719094
10961,18.214582443237305,6.732800483703613,59.73353306046669,30.868391071353223
10967,15.06078052520752,6.7245402336120605,39.35661067669635,49.255459790729375
10970,17.119373321533203,7.01093864440918,53.42044091579719,37.71560188084447
10972,14.507779121398926,6.534940719604492,34.94058197028494,53.09118823970309
10973,14.941469192504885,6.744781970977783,38.5813216479518,50.75511561485191
10975,16.62213706970215,6.576784133911133,47.82580244085987,40.73094918692537
10977,15.518084526062012,6.821270942687988,42.02784815803045,47.01674925446759
10978,15.765727996826172,7.005613327026367,44.52004041764904,45.79319636241159
10980,16.365650177001953,7.1182861328125,47.79288279784743,43.872660186081866
10982,14.859190940856934,7.193233489990234,39.33974253853722,52.156444735979015
10985,18.171459197998047,6.65088415145874,59.39624021337004,30.77841349049299
10987,9.393576622009276,5.40445613861084,11.489445455887418,82.07941740884712
10989,17.50347137451172,6.948503017425537,55.5740961462058,36.22963845848232
10993,15.79334545135498,7.21506404876709,44.9184702369886,46.38174083268627
10995,14.427322387695312,7.0693864822387695,37.89582130444135,53.161475845984896
10997,17.670001983642578,6.560673713684082,55.7662404975812,35.54876468555632
11000,18.80961227416992,5.460744857788086,63.04334157689567,23.568554302720376
11009,13.739798545837402,7.289779186248779,35.548275055116946,55.769728171841706
11012,13.738868713378906,7.3170166015625,35.62396109093148,55.834513328818566
11015,14.024112701416016,7.512131690979004,37.29874242016907,54.59718612778923
11024,14.217775344848633,6.628337860107422,35.67380810151924,53.30890069261693
11032,15.538982391357422,7.131870269775391,43.44657605668851,47.246744321076896
11037,14.221569061279297,7.621187210083008,38.163267405144666,54.83559093667397
11038,15.631665229797363,6.998624801635742,43.24991260359045,47.4192354356454
11039,16.04299545288086,6.96527624130249,45.53740673522888,44.704577535793504
11040,15.614614486694336,6.99539041519165,42.9862423807454,47.549202947628046
11041,16.0517578125,6.979203701019287,45.575198617601046,44.992382490976574
11042,15.651310920715332,7.067407608032227,44.45161063358233,46.9341088452924
11043,17.374773025512695,7.325927734375,54.976237842617145,37.11041114058355
11051,16.819726943969727,7.17784309387207,52.09495298311864,39.35008633218638
11057,14.727798461914062,7.702064037322998,40.52232676224612,50.61977299880526
11060,14.467120170593262,7.153889656066895,39.34936029422206,52.14063587180324
11071,12.194408416748049,6.894365787506104,26.27027569929192,66.20197860694019
11075,12.510250091552734,7.358985900878906,29.832947775707822,63.59448891436527
11078,15.763222694396973,6.747942924499512,44.4769973869665,45.51825164304379
11079,11.690316200256348,6.757440567016602,23.703534386696763,68.5819594845567
11090,11.395703315734863,6.699925422668457,23.243737810701703,69.61002271322745
11093,13.157846450805664,7.083955764770508,31.21485004564563,61.556234291703774
11096,13.70726490020752,6.822056293487549,32.68470481033495,58.43535515351038
11100,11.617259979248049,6.915740489959717,24.54973769505797,68.92661030730332
11103,12.086462020874023,5.695072174072266,18.557843606759253,70.87090374221796
11104,11.206501960754396,6.720210075378418,22.2471028209982,69.86125859919665
11108,15.491080284118652,8.398686408996582,49.19852034525277,45.29974751922964
11117,16.034122467041016,6.743370532989502,44.32436925890519,46.13865912963964
11132,12.280073165893556,7.341709136962891,29.17277667558009,64.01707927197447
11133,13.761643409729004,6.885222911834717,33.38135270572013,57.19518845888685
11136,13.323142051696776,6.69260835647583,29.86957959571741,59.70608904137903
11137,13.407388687133787,6.892355918884277,30.51964879909608,60.28776083508692
11156,16.29069709777832,7.463576316833496,48.408289961957664,43.53163582047752
11160,14.95957374572754,6.974221229553223,39.60192840132432,51.03293384189433
11163,14.992354393005373,7.0472941398620605,39.28207220069345,51.35064699617015
11164,15.144933700561523,7.266152858734131,42.2762498504566,49.07416023076207
11165,15.357720375061035,7.184443473815918,43.496087205062,47.74004060633538
11168,16.019819259643555,6.980310440063477,46.812638580931264,43.58832224685884
11175,15.11966323852539,7.280909061431885,42.22186844968028,49.020934490169545
11176,15.966108322143556,7.002408981323242,46.63913377280068,43.82098324199825
11190,15.305364608764648,7.143478393554688,42.22634078535851,48.80342870381096
11192,13.731597900390623,6.9150896072387695,33.88742241563815,57.18056645501891
11195,15.712065696716309,7.250865459442139,44.86167076831544,46.50458393055143
11198,13.726082801818848,6.277126789093018,29.55699337502321,57.09398798835985
11199,16.760236740112305,6.25288200378418,49.43296285397379,38.20313737917921
11200,13.447884559631348,7.611503601074219,34.33355227526763,58.95760592756479
11209,14.998788833618164,6.803046226501465,40.93167388045876,48.5187867356047
11210,16.451860427856445,6.823525428771973,48.8768448634969,41.56681821235807
11215,14.467354774475098,7.165162563323975,37.27367913318667,53.788778955541694
11216,12.069944381713867,6.258890151977539,22.1305729158898,67.56857539191266
11218,15.427496910095217,6.554905891418457,41.44911950530986,47.76717300712461
11224,14.856768608093262,6.448144435882568,37.92819268865357,50.89487023992785
11225,14.685876846313477,7.245739459991455,39.7774059967489,51.407824013099344
11226,19.35116004943848,6.317901611328125,67.14579055441479,25.127881122194815
11227,17.20499038696289,7.017127513885498,53.3136117407507,37.59076414768143
11229,15.684149742126465,6.552683830261231,42.97948706299266,44.72638059108153
11240,18.26955223083496,6.675684452056885,59.99391883241583,31.590065292536167
11243,15.171350479125977,6.477668762207031,39.58904597414622,51.0220433745237
11244,18.77278709411621,6.596676826477051,62.85753632169661,28.85767403429044
11249,17.22222900390625,6.608495712280273,53.83883078573344,36.35827299544114
11253,14.569026947021484,7.098426342010498,37.89813237665998,53.38176994618712
11255,17.625436782836914,6.418386459350586,56.06915689698179,33.841045148416065
11258,13.416156768798828,7.305985450744629,32.49180959722489,60.524886560731616
11269,12.685535430908203,7.191911220550537,29.45964669206789,63.24327444867798
11271,16.814903259277344,6.733086585998535,51.29092223484457,39.341113291335326
11272,16.715068817138672,7.586841583251953,50.54248709468022,42.22126054836017
11283,14.052541732788086,6.606361389160156,34.233720841881315,54.62350885191095
11286,13.763209342956545,6.664622783660889,31.37302225797801,59.32242781800304
11395,17.502647399902344,6.73798418045044,55.158032575159645,35.72684221855493
11396,14.985817909240724,6.932377338409424,40.00055449790215,50.14879027041015
11399,14.487265586853027,7.317042350769043,40.64034201686594,49.79446101806394
11400,14.775290489196776,6.997619152069092,38.34426750671946,52.60830611832028
11404,16.43840789794922,6.733679294586182,47.81118945878369,42.08813451692707
11407,15.801417350769045,6.951838493347168,43.77450912943572,46.75206736656714
11414,15.98941421508789,6.893924713134766,45.65795610684617,44.71000516834953
11417,15.253107070922852,7.367640495300293,43.39116481973625,48.65742365742366
11418,16.870830535888672,6.785584449768066,50.82499968631191,39.6664868188263
11421,14.200986862182615,6.947576522827148,35.22459720234523,55.583768062416326
11424,12.924168586730955,6.7529616355896,27.86975397973951,63.156295224312586
11427,11.74503231048584,7.04391622543335,25.31221250541944,67.12595302801189
11430,11.33920669555664,6.877734661102295,23.196787679495017,69.53748533469934
11434,13.509854316711426,7.479865550994873,34.103951107648754,58.58962683373748
11437,13.559941291809082,7.315190315246582,33.72910076818798,58.88160867600543
11438,16.43508529663086,6.55409574508667,46.02427318027575,42.00727583993152
11439,17.475162506103516,6.840388774871826,54.87141148325358,36.578947368421055
11443,15.318751335144045,7.720180034637451,44.59145811952317,48.92555459066867
11449,18.200794219970703,6.722510814666748,59.756233569664616,32.167609336413605
11454,17.40678596496582,7.42999267578125,56.56628906472363,36.89019183696704
11456,16.875951766967773,7.54037618637085,54.30686120209282,39.29417102669899
11460,18.184892654418945,6.70869779586792,59.39599968376946,32.473713337022694
11463,18.338584899902344,6.70189094543457,60.73159020472303,31.37849753372037
11466,16.308639526367188,6.817102909088135,49.46273464107506,40.85592839982047
11470,16.62923240661621,7.034169673919678,50.25956047759128,40.9910884236027
11471,16.918052673339844,7.0960211753845215,52.627145028661424,38.7945717268282
11474,15.489801406860352,7.501733303070068,44.45770734719078,48.37826713315497
11479,12.787322998046877,6.64549446105957,27.011151783434062,63.89716523367668
11480,14.02902126312256,7.020915508270264,35.542328042328045,55.1031746031746
11485,17.01433563232422,7.036182403564453,52.59223394984023,38.72954391401181
11489,15.26887321472168,7.147963523864746,41.55223880597015,49.26305970149254
11497,13.22788906097412,7.086057662963867,30.78646540304512,61.18534024563756
11498,12.272951126098633,6.962738990783691,27.035651957117924,65.18241502534696
11501,13.892142295837402,6.583314418792725,31.982652692446692,57.671123960968565
11509,14.417224884033203,6.669966220855713,35.25329910553127,55.09339109274932
11510,13.785801887512209,6.755627632141113,32.32169954476479,58.27861529079744
11511,15.189775466918944,6.833975315093994,39.47154527545496,51.00497320530659
11512,13.577959060668944,6.673621654510498,31.2652202789462,59.68978304184193
11513,13.947399139404297,6.504819393157959,30.786108230768072,59.5073862014036
11514,13.999204635620115,6.863129138946533,33.68455355203128,57.04199124794389
11515,13.627763748168944,6.385888576507568,28.804602810084692,61.27861323060968
11516,12.957427024841309,6.931642055511475,28.527283495995675,63.36363402260964
11523,15.395432472229004,6.629591941833496,41.28802927339258,48.393099843178256
11526,14.813244819641112,7.172234058380127,39.558758346559145,52.16545847095326
11574,14.036859512329102,6.886467456817627,34.36756743835829,56.32552080220871
11575,13.911276817321776,6.789282321929932,33.27602995804431,57.39273649663994
11580,21.067506790161133,5.593441963195801,77.94323405956426,16.23442601106003
11581,21.4371337890625,5.473415374755859,80.00049393692426,14.455064088315922
11604,17.671247482299805,6.890222072601318,56.6184608911208,34.62674825974406
11605,18.65765380859375,6.485493183135986,62.84717886512424,28.045452112952425
11613,19.69827079772949,6.615046501159668,69.75047578769295,24.17706350884613
11614,19.558082580566406,6.582415580749512,68.50934376358106,24.71186440677966
11621,18.3596248626709,6.09984302520752,62.0353993725713,28.062587949754064
11622,16.69920539855957,6.586632251739502,48.2762438585565,39.57373192166632
11639,13.682046890258787,6.460418701171875,31.05143196908136,58.4045188782083
11645,15.657998085021973,6.971436023712158,43.82073749543629,45.57092004381161
11647,13.78396987915039,6.55291748046875,31.793013188362025,57.46098862377932
11650,13.510396003723145,6.658291339874268,30.79858064023809,59.25191092118484
11669,15.929973602294922,6.33207893371582,44.69081243094829,43.21843858363324
11670,16.223773956298828,6.063049793243408,47.066157732984806,39.31075213544344
11672,16.028167724609375,6.286380290985107,47.09155661077311,40.59419583236173
11675,17.035137176513672,6.148593425750732,52.69183657341552,35.02153469258732
11676,15.445963859558104,6.865435123443604,43.2469525959368,47.13860045146727
11679,16.878297805786133,6.766469955444336,50.76368145184016,39.52732533017716
11681,12.689680099487305,6.4324951171875,25.291310899045705,65.86137619286791
11688,14.25204849243164,6.862191677093506,36.49577636285229,54.53058014763704
11691,15.052846908569336,7.34844160079956,41.98412487722,50.1645915739733
11693,19.043745040893555,6.6152849197387695,65.12683823529412,27.702205882352946
11695,17.62412452697754,7.03272008895874,56.80592218524044,35.09698152186388
11697,16.585723876953125,6.301977157592773,49.8041759173797,37.50343003966373
11701,18.1079044342041,6.368457317352295,60.02711293941661,30.76072051857392
11702,15.967937469482422,7.274877548217773,47.7434502291954,44.44775711499522
11705,15.886067390441896,7.27878475189209,47.43389393262886,44.63709877461924
11713,15.920543670654297,7.319954395294189,47.71496696637028,44.46997168546024
11717,16.80607795715332,6.329764366149902,50.9891456582633,36.30702280912365
11728,14.54427433013916,6.98436975479126,37.35641277174773,53.53469826904211
11729,14.749560356140137,7.066051483154297,38.56457879578437,52.3467604892176
11731,12.678448677062988,7.24137544631958,28.725436573050185,64.86330091238418
11732,12.4557523727417,6.532865047454834,25.09436056838366,66.4036729256534
11736,9.589740753173828,6.5469651222229,15.916419450535276,78.27077690356421
11737,10.490336418151855,6.669310092926025,18.30869077245889,75.44039428097399
11738,10.660604476928713,6.7928571701049805,19.40608760207869,74.64488987874289
11739,9.656807899475098,6.6892595291137695,16.204160411752092,78.40446064765173
11740,9.192963600158691,6.25701904296875,13.732881015202915,81.09058927000879
11780,13.39040184020996,6.995802402496338,31.19455184252322,60.75914844464408
11781,13.405957221984863,6.672236442565918,30.65113069660948,60.37308283411223
11783,12.604741096496582,7.048839569091797,28.060922829505948,65.12782915119551
11784,12.84506130218506,6.834548473358154,28.0791330959965,64.19961276622323
11786,14.254057884216309,6.940330505371094,35.316552973880704,55.874232692289446
11787,11.89511013031006,6.9141621589660645,25.22006217927108,67.69487208300559
11808,16.546724319458008,6.918574333190918,49.99586701714362,40.620608705715085
11811,16.80034637451172,6.553246021270752,50.84352958111416,38.9319130559954
11812,16.794504165649414,6.57625150680542,51.19249070739503,38.65868298115445
11814,16.566688537597656,6.502779006958008,48.32739990276493,40.38862663300033
11816,17.792600631713867,6.499411106109619,57.5832876152365,33.20317122234055
11817,14.793377876281738,6.48209810256958,36.86392939851036,51.79476747824998
11818,17.35039710998535,6.4358086585998535,54.55005295354315,34.863980525741745
11819,16.843202590942383,6.415216445922852,50.38492082786341,38.36566668287386
11824,15.65462589263916,6.665457248687744,43.36901933660121,44.94180976152528
11825,16.596466064453125,6.308767318725586,47.86935162368747,39.9651562475476
11826,16.605575561523438,6.318115234375,47.69658398772727,39.90765071312484
11828,17.710708618164062,6.499413967132568,57.058330715258144,33.64121897580898
11829,17.676353454589844,6.488456726074219,56.85138377174192,33.73853997086796
11859,13.941821098327637,6.444003582000732,33.38796340476734,55.61064664025061
11868,12.276656150817873,7.394469261169434,28.84925341361798,64.24596295958398
11888,13.344661712646484,6.960970401763916,31.6687898089172,59.88152866242038
11904,15.450769424438477,6.515594959259033,40.647731689710696,47.80665222944084
11906,14.390883445739746,6.425904273986816,33.88649513726455,53.61196602240551
11908,15.446892738342283,6.670830726623535,41.18580496249279,45.31015579919215
11909,15.204631805419922,6.756089687347412,41.31153539551234,48.39325152572496
11912,17.8979549407959,6.943723201751709,57.27156821079473,34.055815271284885
11913,14.92206859588623,6.639861106872559,35.61146760228925,52.96495417494897
11914,18.78066635131836,6.357346057891846,61.22655614224342,28.552773519559416
11916,12.36032485961914,7.275157928466797,27.791727065645063,66.63129012217851
11931,16.52733612060547,7.0118513107299805,49.62686149680566,41.58564283876165
11943,14.863533973693848,7.543007850646973,41.94977843426883,50.75858097789349
11960,15.966943740844728,6.752928256988525,45.49935684978452,44.1379439849024
11962,16.449670791625977,7.246076583862305,49.56874882946111,41.85945647566758
11964,15.7409029006958,7.646754741668701,47.25072417122627,45.18957193434181
11966,16.08585548400879,7.437961578369141,48.17832790097783,43.5541602511548
11967,18.701000213623047,7.032500743865967,62.52690608360712,30.76828669612175
11972,13.959369659423828,6.9666829109191895,33.456342457401405,58.1282289895068
11973,16.12257957458496,6.658161163330078,46.17971520234142,43.24871953621884
11974,15.490599632263184,7.163048267364502,43.04879022598419,48.25521041284037
11975,18.605392456054688,6.840732574462891,62.81466463929718,29.86683868589596
11977,13.785984992980955,7.103612422943115,33.33227182981975,58.66505318132603
11988,16.82766342163086,6.820282936096191,50.86349560891416,39.51571145743439
11993,15.388648986816406,6.567780494689941,40.64889814018734,48.72166161364768
11994,12.73803424835205,6.330222129821777,26.56994496197904,62.54302884147883
11995,16.7779483795166,6.94896411895752,50.80928151592244,40.257917361172034
11997,15.190861701965332,7.086355209350586,42.09434744899883,49.06482144877258
11998,16.414634704589844,7.000870227813721,48.00254945255059,43.217773326352685
11999,15.744195938110352,7.17624044418335,44.35781604714623,47.237955467908
12000,16.2310733795166,6.128536701202393,40.74465002690509,42.460366737033816
12001,15.11569595336914,6.614144802093506,38.98730830248546,49.91627005111934
12002,15.565601348876951,6.619369029998779,41.894008615063306,46.95862158987077
12005,18.37600326538086,6.338601589202881,61.593239650588686,29.32396505886821
12347,15.784623146057127,6.684938430786133,43.67204166746747,45.664123311103
12354,16.59770965576172,6.742774963378906,49.53698775944652,39.95653716515877
12355,16.07715606689453,7.023615837097168,47.048599831070106,42.74819699824573
12815,14.38593578338623,7.164440155029297,37.590638822420416,53.53491407439635
12871,16.374452590942383,6.910601615905762,49.26740650053316,41.742690520384926
12880,17.679378509521484,6.452499866485596,56.76013606693022,32.99531120713432
12881,16.920833587646484,6.5252685546875,49.560172813112416,36.93657580616426
12882,17.958541870117188,6.546578884124756,59.351206480973886,31.74354556608453
12888,12.085872650146484,6.521188735961914,23.662441230732608,66.59763137534964
12890,11.396316528320312,6.787513256072998,22.804845402221925,70.20925355820283
12894,11.634958267211914,6.754835605621338,23.92838335966298,68.37433235537502
12915,16.017168045043945,6.943527221679688,45.80463682229519,45.21101946023865
12945,16.26894187927246,7.152834892272949,48.32926776461079,42.36226382413648
12948,11.262049674987791,5.595491886138916,15.048276079320829,75.00196884499677
12949,6.817441940307617,4.001375675201416,4.519335424803125,93.35184710928996
12952,16.97176742553711,7.09238862991333,53.19411824772797,38.254875931788014
12955,13.565637588500977,6.513136863708496,31.029034833396363,58.07134753561074
12959,10.80078411102295,6.120330333709717,17.101098731441216,75.0726912487456
12962,11.052642822265623,6.803563594818115,20.66147137953428,72.35736153632062
12963,10.610998153686523,6.2336931228637695,16.57339325254828,76.23910382779144
12964,13.986757278442385,7.010519981384277,34.45992636062666,56.54142472591508
12969,15.248260498046877,6.782061100006104,39.69116887966349,49.91927778326908
12974,12.30810260772705,6.876500606536865,25.69393023674678,66.06996337729393
12975,11.58607292175293,6.726232528686523,21.955457867200195,69.51465794985957
12976,15.76388931274414,6.807010173797607,43.34459005896872,46.07821875225909
12982,14.791780471801758,7.12224817276001,39.96692326912323,50.67640724832534
12983,14.758292198181152,7.085842609405518,38.76228457484689,50.88662583677539
12985,13.61692714691162,6.846996307373047,30.99268263696711,60.10763824043735
12986,11.306915283203123,6.843871116638184,22.08376294986989,71.03058869740266
12998,12.175776481628418,6.995169639587402,25.76904381640164,65.9249853680796
12999,11.41642951965332,6.640272617340088,21.03012742974486,70.98933865931531
13000,15.85866641998291,6.750279903411865,43.67800654978976,45.51070797648688
13006,14.884820938110352,7.097312450408936,40.1515061845298,49.93785879150145
13008,14.76305866241455,7.08155632019043,38.764198307478665,50.87890045458322
13010,13.634416580200195,6.8541412353515625,31.075744478907136,60.03118591210318
13024,11.178226470947266,6.493863582611084,20.739790981227017,72.58563963615251
13031,13.531907081604004,6.749497413635254,30.14495936745003,61.35148986016545
13039,10.564953804016112,6.198591232299805,16.32313737146679,76.53937969662911
13040,13.51370906829834,7.150574684143066,32.46361906720831,58.482028076309966
13045,15.343100547790527,6.758756160736084,39.99121603074389,48.52374416689542
13052,14.049927711486816,6.819616317749023,32.709308372334895,57.47213672330677
13058,13.529645919799805,6.929037094116211,30.663390663390665,61.220077220077215
13067,15.296579360961914,6.917950630187988,41.76750182512931,48.86531322325603
13068,15.592535972595217,7.207342147827148,45.58994323851275,46.25406899710468
13076,17.32682228088379,6.639911651611328,55.19328596879092,35.55882289810899
13082,12.801262855529783,6.50856876373291,25.73060217706043,64.9337766100059
13089,16.883529663085938,6.828171730041504,52.38850877916082,38.52320501195285
13092,14.23691463470459,7.626313209533691,37.76466574347241,56.09308206394124
13097,12.04338264465332,6.400081157684326,21.94407048277977,70.09253421039178
13117,13.718212127685549,7.194600582122803,34.626428997128464,56.44832132343646
13132,14.238551139831545,6.563467025756836,35.221160979228486,54.81964020771514
13143,16.1425724029541,6.353817462921143,44.70657623120024,41.82337862668148
13144,14.785432815551758,6.467245578765869,37.8109916757992,51.73129386527386
13162,17.004098892211914,6.785843372344971,52.84017436977591,37.4361777291936
13203,14.771821022033691,6.888219356536865,37.05194093101494,53.427878404877184
13204,15.122498512268066,7.372445583343506,41.37917489123923,50.61524712999243
13214,14.3143949508667,6.441195487976074,32.7856331922799,56.08628341418103
13240,17.65887451171875,6.364538669586182,55.91353303590397,32.979604843849586
13244,17.141630172729492,6.234376907348633,51.190532769355066,36.87800009505251
13255,15.010138511657717,6.997840404510498,40.90527287139021,49.54393270789216
13257,12.244305610656738,6.457587718963623,23.68263398317566,69.25813134969172
13273,15.681991577148438,6.583046436309815,43.71923681940427,44.53366823971178
13275,11.66607666015625,6.457489967346191,21.687915978688277,71.54578106116057
13280,10.74098300933838,5.820474624633789,15.837278964151125,74.83210938254904
13281,11.524664878845217,6.20461368560791,20.31089198956513,72.05203073020128
13288,15.372588157653809,6.758580207824707,42.3455908010834,47.61635732207839
13294,14.606955528259276,7.006527423858643,36.52103502065992,54.073042070041325
13297,20.46751594543457,6.074018955230713,76.86308717841891,18.383501718570983
13298,16.475553512573242,6.757197380065918,48.06892453951278,40.98797303665458
13299,16.58998680114746,6.78117561340332,49.45340756695249,40.01300442963384
13300,14.290483474731444,6.732310771942139,34.52640768223483,55.80259711916193
13302,17.48989486694336,6.984725475311279,55.26604434967363,36.57045553910702
13312,16.97884178161621,6.955959796905518,51.72589488187847,39.25424118035422
13320,17.861310958862305,6.665936470031738,58.35508350557458,32.5151245417377
13332,15.814632415771484,6.65789270401001,42.86514668119212,47.02046533343709
13333,15.533501625061035,6.924598693847656,41.34673245877964,48.83138765194367
13335,15.090354919433594,6.866917610168457,40.70572784378833,49.73052000346917
13343,12.96235466003418,7.429592609405518,31.01391650099404,62.33448979326654
13344,14.899009704589844,6.483017921447754,37.17273318382675,50.94812829257288
13345,13.912943840026855,6.700033187866211,32.942080440888134,56.07281013194849
13346,12.15097427368164,5.926896095275879,19.17268425121137,65.19730764154679
13366,15.897777557373049,6.851290702819824,46.00997506234414,43.8824812967581
13369,15.243995666503906,6.3890228271484375,40.24469545531177,47.82880951807519
13370,15.195830345153809,6.3277082443237305,39.84639544584581,47.83334151248957
13372,14.739531517028809,6.336105346679688,36.71762173356223,50.816098531295125
13374,14.787323951721191,7.525838375091553,40.18479551412416,52.401048585232815
13388,18.46095466613769,6.345571041107178,63.04052931731356,28.55185205691822
13389,15.544559478759766,7.279427528381348,45.53347405312836,46.58090724441436
13390,15.208318710327148,6.999836921691895,42.98349056603774,46.36467143786597
13408,13.968003273010254,7.16864013671875,35.38149898717083,56.12874184109836
13413,13.989676475524902,7.144802093505859,35.38980805998526,56.1197568973436
13419,13.600666046142578,6.999576568603516,32.365687406084625,59.72582155534746
13425,12.754798889160156,6.969165325164795,28.678594524682044,64.1064884673421
13431,13.182228088378906,6.895733833312988,29.4984243697479,60.95850840336134
13432,13.504530906677246,6.997763156890869,31.88251527695644,59.87975556869702
13433,12.580962181091309,6.700378894805908,26.39992607651081,64.57524795170332
13439,11.502017974853516,6.306925296783447,20.255214850110555,71.44130401247793
13444,10.946493148803713,5.741812229156494,16.11632115071966,76.4445995719705
13485,11.393943786621094,7.270107269287109,27.03014525337988,66.30328669053043
13488,17.076820373535156,6.784250259399414,52.30429988974642,38.18326595614357
13491,10.541695594787598,7.233307361602783,21.606158472075283,72.08085082688346
13528,12.75483226776123,6.89357852935791,28.631168107053245,62.892621503577736
13533,11.09051513671875,7.542339324951172,25.6456199569972,69.30270732665942
13539,15.177630424499512,6.153841972351074,36.78494219989903,48.99610350943055
13540,15.98560905456543,6.458231449127197,44.28412035023355,43.72813404186917
13541,13.598583221435549,6.880112171173096,32.361363318899286,59.43916748149183
13544,12.327651023864746,6.143381595611572,23.36735476939605,67.03629805847594
13548,16.1430721282959,6.80192756652832,45.96470891293148,43.98248325605358
13551,16.124204635620117,6.810279369354248,45.88518461617248,44.06078762738772
13554,14.176300048828123,6.854525089263916,33.99414885704369,56.21163286557247
13557,13.89097785949707,7.261235237121582,34.27742396603407,57.203358189052814
13558,14.920713424682615,7.006155967712402,40.13657957244656,50.40040719375636
13566,13.905596733093262,6.710122108459473,31.202684773277134,60.94331278128984
13568,14.97872829437256,7.38071870803833,42.26424334160647,49.25819986866855
13569,14.647639274597168,6.638286113739014,36.75696509195023,52.88514480784055
13577,15.344414710998535,6.510491847991943,40.07121189303156,49.16525031733397
13579,15.264321327209473,6.450743675231934,38.21123201366212,49.404013246714285
13594,14.806025505065918,7.2301435470581055,37.94078765333416,53.40281407241165
13595,16.828012466430664,6.814162731170654,47.94306816778727,42.22631301282987
13597,13.375717163085938,6.904685497283936,30.990038780320887,60.77738068081008
13599,14.04219913482666,6.774195671081543,33.43953473670902,57.50047411340793
13600,14.133094787597656,6.6589884757995605,32.74654390975093,58.14472244718185
13617,16.725107192993164,6.750507831573486,49.940819217261385,40.359353474203004
13618,16.556856155395508,6.525270938873291,48.82411695269227,40.48397348588033
13620,14.456310272216797,7.035264015197754,37.016161556545775,53.62626769360915
13625,15.741047859191896,6.9504594802856445,44.55226450835199,45.668159118305496
13628,18.98739624023437,6.8859734535217285,65.93147054721278,27.366218792133523
13629,11.116975784301758,7.438573837280273,25.22032056506384,69.89296386851399
13638,15.613485336303713,6.9868245124816895,43.6818905350802,47.02461124035754
13644,11.653654098510742,7.328536987304687,25.738823709838204,68.84748102139406
13647,12.482501983642578,7.375847816467285,28.90442182039204,64.40358608114268
13650,12.274730682373049,7.393982410430908,28.204387990762125,65.48711559499209
13653,11.937788009643556,7.433191776275635,26.8938934077941,67.46236493869127
13661,12.070658683776855,6.822581768035889,25.28010614548671,67.3160355503138
13662,13.032427787780762,6.764606952667236,29.211726252925512,62.21451053183762
13664,12.72225856781006,6.186784744262695,24.484551250613045,66.03040706228543
13666,14.70508098602295,6.774209976196289,37.81325287641006,52.681647265440304
13680,12.313525199890137,6.612022399902344,25.103769194974408,67.54397394136808
13688,14.469858169555664,7.184857368469238,37.28899184307154,53.97003376130512
13694,15.707317352294922,6.748683452606201,42.26090350640781,45.10190236331701
13697,17.06529998779297,6.672057151794434,52.66656732233923,37.53559838399895
13698,16.11003303527832,7.0301899909973145,47.69410058105895,42.57051349963735
13699,16.58095359802246,6.172225475311279,46.63155091783581,39.96205502022068
13716,13.207341194152832,6.689661502838135,28.61858503657994,62.3152477061748
13717,14.384068489074709,6.575314044952393,34.00814126039781,54.575034375723256
13719,14.290263175964355,5.852383613586426,29.38919641152892,52.77343004390151
13720,13.643485069274902,6.947691917419434,31.837672754195456,58.2675222112537
13723,13.518932342529297,6.106032371520996,27.03462681770708,60.75359524383386
13749,15.798003196716309,6.910319805145264,45.1034600695434,45.3143704041498
13753,16.35988998413086,6.7581281661987305,47.7131377621223,42.40464527491882
13754,16.080135345458984,7.03652286529541,47.14809720311784,43.66040042793826
13757,15.763317108154297,7.147485733032227,45.23343626746568,45.94123582107806
13760,16.171201705932617,7.103388786315918,47.64494071433767,43.6422492180112
13763,16.377166748046875,7.008137702941895,48.47083679689665,42.45809088390136
13767,13.006820678710938,7.139694213867188,29.66144517433047,63.42685150603072
13779,14.49264907836914,7.262740612030029,38.32307549562366,52.40311755791297
13783,14.04644775390625,6.986156463623047,34.46580102697755,55.83220862226773
13784,13.99423885345459,7.17099142074585,34.99280080130212,55.46200075122073
13787,15.768364906311035,6.9949049949646,44.32511078778724,46.360940502237966
13791,15.73728847503662,7.001545429229736,44.19963313647112,46.46337196356812
13795,15.810262680053713,6.958558082580566,44.40954842368131,46.1925169845476
13799,15.798048973083496,6.983682632446289,44.42083954352324,46.21493559940382
13803,15.02134132385254,6.960980415344238,39.87337576239724,51.10934323344824
13807,15.52385425567627,7.318559169769287,42.916737252244616,48.604523123835335
13810,14.942926406860352,6.992078304290772,39.59557437750826,51.36249750559855
13817,14.93091106414795,7.035211086273193,39.783894348348085,51.21059184490196
13832,15.42494773864746,7.330822944641113,42.45887042062415,49.06504409769335
13835,15.63176441192627,7.6406331062316895,44.87120160419559,47.86278643289287
13841,15.412029266357422,7.336936950683594,42.86311616310223,48.12692611462995
13856,14.074712753295898,6.853817462921143,34.1456024930748,56.09706832871653
13858,13.9157075881958,6.79539966583252,33.351076340319125,56.86963841402275
13859,15.32528018951416,7.307061672210693,43.5960710311124,47.416170706924085
13875,14.103344917297363,6.799623012542725,34.0465170436352,56.21634209530463
13877,14.008767127990724,6.712983131408691,33.47487440287361,56.57980817893424
13879,12.04343318939209,6.935884475708008,25.141515946431035,68.33724515624282
13881,13.078265190124512,6.821567058563232,28.534346069254767,63.0837297324945
13891,15.438313484191896,7.62019157409668,44.61491150140095,47.46976013121028
13892,16.54704475402832,7.187882900238037,49.709098974595214,41.635529166879934
13893,15.40359878540039,7.325501918792725,43.31591123297061,48.2186616399623
13894,16.51188087463379,7.330678462982178,49.93987907104576,41.8682149237323
13895,15.27441120147705,7.571354389190674,43.31776994834484,48.0163845206382
13896,15.85901165008545,7.23058557510376,45.31038664241407,46.06874679352642
13945,12.159635543823242,6.200297832489014,23.36764232872306,67.9017905006969
13948,11.357640266418455,5.798891067504883,17.87056071453888,73.90125469625008
13951,12.220121383666992,6.209874153137207,23.63224588837961,67.6009706120248
13963,13.74167823791504,6.534813404083252,30.365620657711904,59.33012968967114
13964,13.728349685668944,6.54471492767334,30.35755645628257,59.36160972785176
13976,15.269020080566406,7.61978006362915,43.66932022821752,48.36158001918643
13977,16.62993621826172,7.115387916564941,50.57252230223107,40.52850806927604
13978,19.640424728393555,5.892200469970703,68.92160987238817,22.266161828635536
13979,16.446746826171875,7.154861927032471,48.89812749273305,42.48800108159265
13980,15.907036781311035,7.156409740447998,46.00503355704698,45.02348993288591
13981,18.99762725830078,6.273848533630371,65.43667111462106,25.386018899267448
13987,12.853833198547363,6.371595859527588,25.897163172234933,64.52435417364825
14006,18.36058616638184,6.858078956604004,60.83785822723505,31.701887881977107
14007,18.34901237487793,6.871712684631348,60.811148432945615,31.762114945081382
14008,16.74765968322754,7.388271331787109,51.61920447363886,40.81620928050252
14011,14.955987930297852,6.977088451385498,40.30187917260876,48.80422025064048
14014,13.92200756072998,6.791687488555908,33.65201894390674,57.25805657572147
14016,11.528950691223145,6.207218170166016,21.09525116662092,70.6812151157471
14017,14.338268280029297,6.762312889099121,35.53809042097891,54.72985241096672
14018,15.6766939163208,6.954067707061768,44.08015666110023,46.392830111609015
14020,16.95723533630371,6.957103729248047,51.65291041873731,39.08791034671506
14021,14.637861251831056,7.665010452270508,38.916997426614905,53.83608845466045
14022,13.7385835647583,6.626641273498535,31.513027413263785,58.47664846360746
14025,15.647018432617188,6.827050685882568,43.22513089005236,46.04502617801048
14032,15.555459976196287,6.423290252685547,40.64945624555341,48.37991665819697
14046,17.041872024536133,6.624790191650391,52.291003332099216,37.71121806738245
14047,17.468629837036133,6.827611923217773,54.9213315975451,36.48577273572624
14050,15.779014587402344,6.760140895843506,43.51422704605456,45.16632443531827
14053,17.38007926940918,6.794800758361816,54.43150362981146,36.75025554171113
14056,16.999879837036133,6.615021228790283,52.09799283738794,37.87286734338274
14058,17.006872177124023,6.612424850463867,52.13119363120473,37.83025917622948
14059,17.30854034423828,6.554743766784668,54.02192908955974,36.0237964137799
14060,17.268123626708984,6.561526775360107,53.97319060706881,36.17459858238102
14061,17.149015426635742,6.5322794914245605,53.17672247882987,36.6844688221709
14062,17.2830810546875,6.634989261627197,54.49849124924563,36.018105009052505
14063,16.086883544921875,6.783930778503418,46.91586283056278,42.30367017761083
14081,13.502164840698242,7.146352291107178,32.26605778337074,59.42709617155979
14086,17.317325592041016,6.74860429763794,54.16461824953445,36.88566108007449
14102,15.296466827392578,7.115795612335205,43.12917088850844,47.42322071206457
14103,15.194720268249512,7.152883529663086,42.64552672231071,47.9660387751925
14107,12.483769416809082,6.4021172523498535,24.79889166964605,66.35383148611608
14108,15.764519691467283,6.957417964935303,45.382229411852,44.87466793309687
14112,12.09922981262207,6.983214855194092,26.61055927973773,65.0937025982287
14113,14.977957725524902,6.210351943969727,36.52971616747687,49.70989493492237
14114,14.461626052856444,6.359394073486328,34.20210828846741,54.34994438921643
14115,15.988247871398926,6.104448795318604,43.64510727775398,43.73077372376465
14116,13.796809196472168,7.486306667327881,37.010382698002175,55.7114209678024
14119,14.82328987121582,6.457217216491699,35.91133705428561,51.22826975719009
14123,12.37852382659912,6.389042854309082,23.858263937219515,67.38822625932947
14128,16.33248519897461,7.123228549957275,49.18721213763208,41.86128420482254
14131,15.388150215148926,7.254458904266357,44.43042466779701,47.084105516344
14134,12.510696411132812,7.02124547958374,28.177634499030532,64.4287149298012
14136,12.535913467407228,7.059852123260498,28.424388212980524,64.08150992274598
14139,17.150178909301758,6.662163257598877,53.42971785236609,36.654990128017324
14140,14.777504920959473,6.914181232452393,38.94766799477685,50.59095322596846
14144,17.21341896057129,6.909743785858154,53.58934574605637,37.548487199379366
14147,13.089486122131348,7.320802211761475,31.255607081032583,61.58754627816177
14151,16.96337890625,6.674075126647949,51.62573882586244,38.83487644384924
14153,16.797630310058594,7.1177520751953125,51.11853479091653,40.31274778697794
14161,14.968997955322266,6.794301509857178,39.070223998726576,51.03952034382434
14166,14.954733848571776,6.772584915161133,39.3860720830788,49.1634426118238
14170,14.659276962280272,6.770239353179932,36.10809474622807,53.90876746916686
14175,14.181097984313965,6.780895233154297,34.21615547879646,55.629447750634654
14176,16.20791244506836,7.347414016723633,47.87513255567338,44.41542948038176
14177,14.473496437072754,6.709075450897217,35.000346993303026,55.39140844581699
14183,16.02992057800293,7.336562156677246,46.74870859920996,45.180328635205576
14187,14.09816837310791,6.820148468017578,34.269479340643386,56.38842495098395
14193,14.937836647033691,7.12667179107666,40.38344285617506,50.519951222816886
14197,11.618840217590332,7.238798141479492,25.91940566519374,67.86613383095963
14201,12.204835891723633,7.226886749267578,27.738047126214617,65.38103354360317
14205,10.951943397521973,6.797075748443604,21.078473282442747,72.77435114503817
14255,15.8233642578125,7.48741865158081,47.329085214386005,45.06894193037405
14270,12.529621124267578,6.884068965911865,26.778759823698135,63.893099507940576
14271,11.58687686920166,6.602504253387451,21.30819895525778,70.49284578696343
14272,15.25808048248291,6.789655208587647,40.216583916494,49.58266546776653
14274,15.784106254577637,6.795609951019287,43.82300921355709,45.81893715037842
14278,14.788931846618652,7.05482816696167,39.00409425234604,50.813415620961614
14279,14.838330268859863,7.101221084594727,40.34699798773925,50.31938789835744
14281,13.668917655944824,6.889776229858398,31.54278163197885,59.66303270564916
14282,10.348634719848633,5.984181880950928,15.85937622504822,78.17101281106424
14289,16.589012145996094,6.899240493774414,50.55405044010093,39.75907817169168
14290,15.697318077087402,6.953697204589844,45.08545768887136,45.30591880069155
14294,13.160640716552734,6.714966773986816,29.79307490688371,60.78355635260036
14307,11.506746292114258,6.939129829406738,22.631513424536266,70.43282198829762
14308,12.096076011657717,7.037149906158447,25.593882199804757,67.60928517192754
14314,15.608406066894531,6.714864730834961,42.79178567274513,46.53579228969849
14315,15.60878562927246,6.675737380981445,42.53595614317962,46.75524024508223
14316,15.356609344482422,6.721140384674072,41.55666754944733,47.68548847971231
14317,14.73405933380127,6.782477378845215,38.046210273500776,52.34868090335313
14319,17.136611938476562,7.079113483428955,54.34046598508981,37.11035874514251
14332,15.854045867919922,6.793221950531006,45.14929228226056,43.88710954988463
14333,14.993721961975098,7.091333389282227,40.778822637869865,49.97933243773897
14336,15.721319198608398,7.052453517913818,45.11888892333448,45.8257122485042
14342,14.194313049316406,6.822628021240234,35.26156103090721,54.5977394725436
14349,14.405723571777344,7.239497661590576,37.96023645581951,53.62211348993734
14351,12.585628509521484,6.954710960388184,26.438392660635472,65.59441207473733
14370,16.369020462036133,6.956613063812256,48.38641568270777,42.34136200483994
14373,19.668272018432617,5.404964923858643,70.53075010911023,19.53737262566652
14377,16.454927444458008,6.952202796936035,48.89350599149594,41.82450715114032
14379,19.70852470397949,5.381065845489502,70.75095828848733,19.256405898902926
14387,14.499869346618652,6.66368293762207,36.79210570329487,53.79383397446619
14389,14.062074661254885,6.587867736816406,34.07703596571453,55.59903864559628
14392,11.90638828277588,6.350039958953857,22.721433116812943,68.86909121471538
14395,11.256902694702148,6.407765865325928,20.80643549515339,71.23713400619567
14397,14.809626579284668,7.175981998443604,38.64047857008357,51.57085125798461
14402,14.659908294677734,6.683316707611084,34.02273895903559,54.3963891904245
14404,14.149041175842283,7.08447790145874,35.22582880905625,55.937391706133766
14409,14.28229808807373,7.083371639251709,35.942190449664224,55.01810416860087
14414,14.3113374710083,7.13187313079834,36.26813979448722,55.02189655665914
14425,13.946551322937012,7.18826150894165,35.35522985461181,57.08890066121216
14429,15.920533180236816,6.878602981567383,46.35060204626128,43.884416397930536
14433,12.797865867614746,7.1370134353637695,30.8353146298938,61.34833835261795
14435,13.855279922485352,7.105306148529053,34.89769333699611,56.67408083511303
14437,17.309358596801758,6.672175407409668,54.01455227664537,36.61900415779333
14439,11.717477798461914,6.897387981414795,23.462700396691343,68.2791703263293
14440,11.21868133544922,6.544250011444092,19.96419144655481,71.85429241190911
14441,15.565885543823242,6.9054765701293945,42.57048617847989,47.722282925036
14443,15.89637279510498,6.772270202636719,43.77550800060463,45.57213500615431
14451,17.520153045654297,6.24092960357666,56.49660851434454,33.28670590408826
14477,14.075969696044922,7.04953145980835,35.23447498907904,56.40351616685698
14478,14.42177677154541,6.908494472503662,35.9516474580512,54.71171438847796
14489,15.307524681091309,6.594373226165772,40.03053485786355,48.10401765711346
14496,13.676037788391112,6.615379810333252,32.01337076565112,58.25677550440776
14504,16.041240692138672,7.049310207366943,46.80698779775968,43.98435111321122
14513,11.971014022827148,6.9510931968688965,23.96263492153903,68.47036710050408
14521,11.362420082092283,6.8613810539245605,22.33704292527822,71.50442297501121
14522,12.460250854492188,7.088355541229248,27.11897719120667,65.86739256478542
14525,12.984039306640623,6.770029544830322,27.88307131103665,63.83101048750025
14529,15.06938648223877,7.043996334075928,41.37584982142681,49.2950540638928
14531,16.868410110473633,6.504810810089111,50.43019575665221,37.55714453170789
14533,14.59162425994873,7.344356536865234,39.59945380063723,52.67355918243493
14547,17.527328491210938,6.667093276977539,56.1285140562249,34.519616929255484
14549,15.254159927368164,6.516703605651856,40.52142531215,47.806307987997954
14550,14.551222801208496,6.745815277099609,36.93775589606347,52.926760092213485
14552,14.754312515258787,6.904426574707031,38.564344815445104,51.60788686109971
14571,10.210212707519531,6.504209995269775,16.12648656584936,77.28368325747566
14572,14.713505744934082,6.922921657562256,38.45949837084186,51.82238387512314
14711,16.603544235229492,7.241323947906494,50.447380524313246,41.27189864949617
14717,17.66278839111328,6.859416484832764,56.26639169711506,34.73358588688888
14718,17.811328887939453,6.875871181488037,57.72759068651944,33.8443089837114
14727,16.41826629638672,7.31351375579834,49.76632086346013,41.89248663942157
14733,17.772380828857422,6.883476257324219,56.98441919985632,34.41919985631539
14734,17.791160583496094,6.871062755584717,57.57884434857291,33.99644476401622
14744,17.615066528320312,6.897191047668457,55.963833537397576,35.83278392960456
14747,15.891170501708984,7.123354434967041,45.98092643051771,45.20683675997027
14758,13.799967765808104,6.535853862762451,31.35946494831193,58.04791644398296
14759,14.418586730957031,6.95631742477417,36.53972914669224,54.23358101629914
14761,14.512534141540527,6.958402633666992,36.82554346257109,53.89589768757759
14762,9.568853378295898,5.826393127441406,13.483266542466929,80.58999343260376
14764,13.59005069732666,7.007646560668945,32.70332187857961,59.05344620456514
14765,13.670614242553713,7.043121814727783,33.14844384682186,58.7094153570328
14766,13.735955238342283,7.086148738861084,33.345930964978585,58.60558215055569
14767,13.715417861938477,7.081224918365479,33.441018110621634,58.53436822599818
14774,13.960956573486328,7.3890862464904785,35.554901053281164,56.530763944404704
14776,14.960691452026367,7.030455589294434,41.10655737704918,49.14175506268081
14777,15.745321273803713,6.61235237121582,43.64150282655461,45.394133440058695
14785,15.698127746582031,6.990151882171631,45.05819637983659,44.93151616660573
14790,16.049341201782227,6.715681076049805,46.221796843129255,43.08140082216713
14799,15.193636894226074,7.135091304779053,43.30684054494624,46.934466244921744
14803,14.656798362731934,6.9902191162109375,38.92317639452184,51.37583864439799
14804,13.70742893218994,7.602689266204834,37.02393075356415,55.24439918533604
14806,15.123964309692385,7.014301300048828,41.51348070210936,48.42834741261572
14808,15.068633079528809,6.932257652282715,40.576055083515975,49.08777934568309
14814,14.91655158996582,6.918887138366699,40.00243126608181,49.465121462001335
14816,14.5304594039917,7.155412197113037,38.90909494134085,51.699895766339175
14818,14.35150146484375,7.069147109985352,37.32007884623566,53.92033126763759
14819,15.892525672912598,6.8649678230285645,45.31865646589041,44.92464264890365
14838,15.402583122253418,6.580136299133301,39.40434402734561,48.86800839988351
14842,13.147926330566406,7.489131450653076,32.20078420534434,61.41502426890989
14877,13.90063190460205,7.094481945037842,35.370598534465984,55.61247649309383
14878,14.744973182678224,6.953746795654297,38.58279979235162,51.30126319432428
14879,16.826560974121094,7.003464698791504,50.1266456982214,39.981072730815264
14880,13.33570957183838,6.961010456085205,30.87366952666679,60.027517150446194
14881,14.778465270996094,7.032399654388428,39.05169794119882,51.10822001063588
14888,16.293071746826172,6.99926233291626,47.01384034670768,43.26017055780792
14889,20.817670822143555,5.839483737945557,75.1147516788429,18.656925688141097
14890,14.351886749267578,7.285999298095703,37.608255021190345,54.84038142620232
14891,14.426908493041992,7.261490821838379,37.848487609329446,54.54286625364432
14892,13.079957008361816,7.35523796081543,31.786020583190396,60.45990566037736
14895,13.03770351409912,7.522733211517334,31.99172304360412,61.08115062559638
14897,12.30842113494873,6.536279201507568,24.06811515790073,66.39946464675228
14923,13.690298080444336,6.632507801055908,32.21415398801291,58.51659751037344
14933,14.30969524383545,7.1695661544799805,37.16632135243072,54.15277902891631
14946,15.16093921661377,6.929498195648193,39.82076142533043,51.348239782385406
14949,14.697669982910156,7.228987216949463,39.06358552669043,53.03349543865244
14952,15.741650581359863,7.018301486968994,43.81525154576477,47.07796961403746
14954,13.393935203552246,7.10709810256958,31.739097875739496,60.72988692244328
14955,16.281089782714844,7.003528594970703,47.54799480767917,43.496618159458905
14956,13.923501968383787,7.488592147827148,36.07892537760205,56.05098719084026
14957,14.165715217590332,7.067418575286865,34.845452523904825,56.234314940118814
14958,11.741276741027832,7.2634429931640625,25.907854115430908,67.51870650410758
14959,16.74917221069336,7.208517074584961,50.30694898394202,40.77874094074179
14960,16.88437271118164,7.19605016708374,51.398247738442905,39.33043664078638
14966,13.033679008483888,7.106592655181885,30.732315820369827,62.28500146756677
14971,10.411762237548828,6.7353339195251465,18.98017493733457,74.65687391540605
14972,10.26459503173828,6.771285533905029,18.66617561304975,74.98388730319492
14987,9.880702018737791,6.40290641784668,16.410175306268933,77.82454774388982
14989,10.353763580322266,6.499794483184815,18.367346938775512,75.60088016249153
14991,13.53660774230957,7.6656813621521,34.867992177314214,58.79889178617992
14992,12.825634002685549,6.622245788574219,26.066014487342244,64.33923281806189
15009,16.219066619873047,6.622276306152344,45.95974258479702,42.57270044031548
15013,17.11920738220215,6.772529602050781,51.67404050764686,37.9112383460143
15015,16.172378540039062,6.6375017166137695,45.70723344235984,42.85714285714285
15018,14.453354835510254,6.910960674285889,35.89779005524862,54.74171270718232
15019,18.159990310668945,6.9104323387146,58.603179463625,33.13684962617061
15022,18.238147735595703,6.703840255737305,60.69292978023791,31.4497187908642
15024,16.960824966430664,7.120615005493164,51.42544600051318,40.15152538252732
15025,18.419862747192383,6.688376903533936,60.63424628263302,30.71808343493508
15028,17.343029022216797,6.750357151031494,54.93116819556515,36.3848557481145
15029,10.289586067199709,6.327510356903076,17.253161230032415,75.94252839996496
15030,11.08434772491455,6.916780471801758,21.98386411889597,72.35498938428874
15040,12.170831680297852,6.422298908233643,24.03136829321861,67.87333824270377
15044,12.48459815979004,6.529708862304688,25.78781038374718,65.81618832634634
15051,12.057042121887209,6.904417514801025,24.589576875300757,67.8734095054779
15052,12.99447536468506,6.507303237915039,27.10083533639544,62.28729860301292
15055,13.47597885131836,6.945999622344971,30.59726588200892,59.41662402222385
15061,13.501404762268066,6.784617424011231,32.53282268536128,57.93581050063612
15063,13.55377197265625,6.828371047973633,30.8840002489265,59.96483913124649
15068,15.337098121643066,6.686238765716553,39.65973968842943,49.10727093633746
15069,15.960037231445312,6.610119342803955,44.00203416646262,45.27432994933419
15080,15.396380424499512,6.583356380462647,39.97637465228823,48.73775864039934
15081,15.885259628295898,6.62712287902832,43.79966334715679,45.60611617344204
15084,13.313337326049805,6.875946998596191,30.599385858800694,61.11768381033406
15096,14.16165828704834,6.800576210021973,35.18803409205754,55.68032519960023
15109,13.655755996704102,6.876674175262451,32.55834809317759,58.94222361724548
15116,11.855332374572754,6.324784755706787,22.43245817327534,67.9608876472269
15118,16.285839080810547,6.656595706939697,46.80712241118034,42.1882892742886
15119,11.641640663146973,6.680156230926514,23.27656915205249,68.95871577549507
15120,12.988995552062988,7.5085062980651855,31.91339440138364,61.52072256742041
15121,13.034981727600098,7.505167007446289,32.13218269837929,61.32814144390655
15124,14.326658248901367,7.046257972717285,36.77926466194847,53.68956743002544
15125,15.451765060424805,6.779547691345215,43.434051525757525,46.58510740776418
15126,14.949170112609863,7.330782890319824,41.05503819773602,51.09463001171025
15130,12.586880683898926,6.973069667816162,28.152861238757318,63.599230195200505
15131,12.616293907165527,6.971462249755859,28.25641025641026,63.45167652859961
15133,14.718727111816406,6.540977954864502,36.26556664541232,52.146472861660186
15136,12.186761856079102,6.965392589569092,26.340559421912918,66.6080046929579
15141,10.237788200378418,6.27882194519043,16.96748696219035,76.44434485006519
15147,12.153362274169922,7.026684284210205,26.523471964465,65.97249688156013
15150,13.858020782470703,6.502583026885986,32.44155903219938,57.1698199017646
15166,12.845196723937988,7.018319129943848,29.74892924180987,60.80143528264905
15173,15.887252807617188,6.871911525726318,45.03391855040454,45.10491086520475
15177,15.276058197021484,6.784562587738037,40.33076279847626,50.28709467620553
15179,15.118731498718262,7.126680374145508,40.41614881930802,51.04638575953173
15184,12.43771266937256,7.150412082672119,28.57450551028467,64.58161323904226
15185,12.624371528625488,6.793602466583252,26.9484472631424,64.13920443142135
15186,11.878966331481934,7.371822834014893,26.94070268018331,67.12063800662607
15187,12.625655174255373,7.246886253356934,29.60733761175205,63.32863449196869
15188,11.870142936706545,7.396498203277588,26.95590115673972,67.01755429341739
15191,14.79252815246582,7.203725337982178,40.23841458064354,50.78280707472078
15192,13.722468376159668,7.083356380462647,34.3445857080228,56.808417360806665
15193,11.929533004760742,6.7869954109191895,24.724022231898164,67.88412775657608
15195,12.719834327697754,6.624307632446289,27.543161706576903,63.90482748068243
15199,12.2233304977417,6.53610897064209,24.437377690802347,67.08950703569099
15200,14.748367309570312,7.305191516876221,39.38166335770109,52.30269575496058
15202,14.952674865722656,6.434147357940674,34.31968235442198,52.75136452576293
15203,12.924670219421388,7.259915351867676,30.019466073414907,62.75583982202447
15204,13.853572845458984,7.464588165283203,35.064831438260526,57.84826118757896
15206,12.86874008178711,6.589352130889893,27.119397487839265,65.39873248917282
15216,16.300220489501953,6.9819207191467285,47.25742828466728,43.49485330158952
15218,15.768506050109863,6.919113159179688,43.055673659786926,47.0012998214264
15220,16.784626007080078,6.917526721954346,50.69665978607618,39.55596734847063
15222,15.569912910461426,7.007485389709473,42.40690811047147,48.11144307610096
15230,16.455829620361328,6.721972942352295,48.43759470106931,40.69873154682021
15237,14.765003204345703,7.348019599914551,39.167104605406514,52.82053911327018
15238,16.48771095275879,6.693243026733398,48.55557311697663,40.687178406476654
15240,16.719043731689453,6.712120056152344,49.36462507155123,40.10655629430672
15247,12.264126777648926,6.767866134643555,24.87951969415502,66.94666558974774
15287,12.66037654876709,6.690512180328369,27.43202050992188,63.98853382320285
15288,11.331503868103027,6.378541946411133,20.2113847309405,72.74424593594077
15290,15.013223648071287,6.568438053131104,38.23061278627642,50.89862056768945
15292,14.976168632507324,6.683523178100586,39.46397486287347,50.36621815434808
15293,16.646087646484375,6.205440998077393,49.243294704704375,38.97114342930305
15302,15.124750137329102,7.223809242248535,41.42332828949486,49.87926982389492
15304,14.693764686584473,7.4063544273376465,39.2566481779068,52.615209164895546
15306,15.021756172180176,6.984615802764893,39.60853918679064,51.116249531842826
15308,14.010990142822266,7.35039758682251,35.95685482334108,56.91961733429889
15320,17.547975540161133,6.543498992919922,56.879456563014216,33.94582507067213
15328,16.611785888671875,6.748048782348633,50.18144885196513,40.37065778061807
15333,17.53972053527832,6.523372650146484,56.784406868299484,33.90896016734943
15338,16.034564971923828,7.180915832519531,47.614163500314696,44.147882235017136
15343,12.17794132232666,5.917475700378418,20.22118009379156,68.83880450759432
15348,13.355624198913574,6.987924098968506,31.69426672335307,58.86848408805749
15352,12.203129768371582,6.971266746520996,25.726262746929336,67.36351690359574
15353,15.772770881652832,6.8805341720581055,45.4643788839636,44.531167150947
15355,15.58161449432373,6.780017852783203,44.05238792007484,46.1320732087601
15360,16.030658721923828,6.855806827545166,46.52427126621684,43.70168461504089
15361,16.55662727355957,6.725108623504639,49.071285140562246,40.37621072525396
15362,18.11079406738281,6.444725513458252,59.77410689107558,30.6899980705582
15363,18.45658302307129,6.339565753936768,62.46493610579278,28.539412559181915
15364,10.62136173248291,5.862809181213379,15.874378671486667,77.02967314354572
15365,10.66519260406494,5.836350917816162,15.926684538690925,76.94057049911142
15366,10.574779510498049,5.8735175132751465,15.760290708602218,77.12705970803835
15367,10.494439125061035,4.456222057342529,7.691019935547774,83.54236129518281
15369,17.1336669921875,6.979452610015869,52.97091661606711,38.54570688608285
15370,16.355628967285156,6.809603214263916,47.578998938515554,42.407664462045126
15372,16.68655014038086,6.821896553039551,50.024989067283066,40.32923096145437
15375,16.47884750366211,6.738116264343262,47.49302088232057,42.03680171301068
15376,12.864893913269045,7.802565574645996,33.429300073718395,60.95017034926581
15377,14.753602027893066,7.016262531280518,37.196047039890026,53.47141312456518
15378,15.323941230773926,6.911064147949219,40.640281561447736,49.31470921673802
15379,14.748346328735352,6.987710475921631,37.13492322770337,53.42371773930088
15380,15.056694984436035,7.005995273590088,39.13086139790456,51.57376012559555
15382,12.494806289672852,7.456716060638428,30.1301609971436,63.32446117891457
15384,14.393789291381836,6.793269157409668,35.25063339854398,55.12972643597063
15386,16.511672973632812,6.897366523742676,48.14668683281822,41.9039477433638
15387,15.410200119018556,6.652781009674072,43.09709983037524,46.66335691531174
15393,16.968856811523438,6.848551273345947,50.92162857708467,39.29679079691177
15394,14.060834884643556,6.623527526855469,32.49416539827499,55.19127346524607
15401,14.345356941223145,7.124604225158691,36.64721440866535,55.41794365842395
15402,13.984363555908203,6.69379997253418,33.03604048913628,56.95127979196665
15403,12.286635398864746,6.907657146453857,26.806184012066364,65.8848667672197
15404,14.54971981048584,6.797186374664307,36.44784331541354,53.867898336740616
15405,12.948359489440918,7.217905521392822,31.00974999176521,60.933331137389246
15406,14.74034023284912,7.015513896942139,37.85932520779263,52.81957357337627
15409,17.012771606445312,6.762267589569092,50.46710552248808,39.27628207655012
15410,14.088805198669434,6.410777568817139,31.46777732326801,56.18422520545907
15411,16.85943031311035,6.864527225494385,51.13422222222223,39.408
15413,16.580202102661133,6.914421558380127,49.07127742308875,41.4913819608978
15415,16.505266189575195,6.898836135864258,48.854582748569584,41.68411961567527
15417,16.269861221313477,6.8095221519470215,47.380219305353,42.6268027872306
15419,16.059337615966797,6.724792957305908,45.8854601056436,43.56130108423687
15420,16.55547523498535,6.815484523773193,49.277790889780505,41.04555109747463
15431,16.53485870361328,6.842977523803711,48.99249199514188,41.36579441316109
15432,16.905622482299805,6.755369663238525,51.30738286796025,38.92569805963086
15435,16.606063842773438,6.745584964752197,49.501760248224834,40.6736678799451
15436,16.346454620361328,6.762508392333984,47.98041905122263,42.06593198694604
15457,14.249519348144531,6.701775074005127,34.56869009584664,55.23635652344005
15459,16.805667877197266,6.838159084320068,50.86502741906952,40.26062857479804
15460,13.190720558166504,7.047584533691406,30.110440924298203,61.966831748468095
15462,14.595638275146484,6.980266571044922,36.61669691930796,54.69719856310532
15482,9.620680809020996,5.831244468688965,13.03075180764875,80.72654412405261
15484,10.127906799316406,6.086302757263184,15.273457976585709,77.87174558797834
15605,17.627111434936523,6.951605319976807,57.21128977847746,34.93421792421005
16468,15.930386543273926,6.76013708114624,43.40468360504172,46.08587779559259
16469,16.134366989135742,6.757938861846924,44.26815487858312,45.50653783179208
16495,17.87248992919922,6.747406959533691,58.99096836788564,32.277027123432305
16497,14.389662742614746,6.984623432159424,37.826014913007455,52.97100248550124
18191,13.952095985412598,7.343789100646973,35.51753172550671,57.054790401154754
18392,18.019296646118164,7.156144618988037,57.89074519491213,34.72231250948016
18394,17.09253692626953,6.923563003540039,51.83398590446359,38.87548942834769
18743,14.381897926330566,6.414709091186523,35.22704689984102,53.519972178060414
18749,15.744510650634766,7.190414905548096,44.19052863436123,47.24079609817496
22206,13.49945068359375,6.899383544921875,34.79548445884378,56.20380682393439
22211,15.65874195098877,7.342176914215088,45.47977422389464,46.870884289746
22212,11.451802253723145,6.782984256744385,22.99007658023688,70.20142325970797
22328,19.04986000061035,6.971146583557129,67.12064414524322,26.741787369962072
22330,18.67966079711914,6.792701244354248,63.34822613465452,29.09072812527648
22331,17.872922897338867,7.050910949707031,57.86197474825375,34.26833836458586
22333,17.37706756591797,6.791854381561279,54.642390332270864,35.63255291338944
22334,13.7108154296875,7.8534111976623535,37.601780270385,55.62058630581031
22335,15.702244758605955,7.063166618347168,44.2224433269691,46.455750665555165
22336,16.94544792175293,7.257772922515869,53.02825936770076,39.21549275696066
22337,16.93437957763672,7.255343437194824,52.92112416695897,39.27788495264819
22338,16.964801788330078,7.230981349945068,53.0271490238184,39.14477288165305
22339,15.330450057983398,6.977333545684815,41.79602265661214,47.96327910368453
22340,16.615976333618164,7.288156509399414,51.14778863132968,39.95978401771953
22341,12.703736305236816,6.881989479064941,26.14011083658985,65.55305095923852
22342,15.272127151489258,6.530677318572998,40.66594124047878,48.35473340587596
22381,17.01652717590332,6.8722333908081055,52.36047919188545,38.320741328213046
22383,16.24968147277832,7.026256084442139,48.51284647512973,41.69303463696578
22386,15.556057929992676,7.043819427490234,43.97768422668936,45.97126076441761
22435,14.668644905090332,6.858752727508545,38.26798417783392,51.75592955225676
22437,13.471281051635742,6.166028499603272,27.7670265872056,59.63648758604007
22439,13.09165859222412,6.0777268409729,24.94270308572947,61.69908878530542
22483,17.479877471923828,6.513155460357666,55.51746798572013,34.77789815817985
22485,16.421892166137695,6.978188514709473,47.67709679231504,40.89377001292062
22486,16.1706600189209,7.07396125793457,46.11029153494907,42.83386020372322
22492,17.85538101196289,7.073916912078857,57.36949187462979,34.51672718844163
22728,11.926960945129396,6.149868488311768,21.37914165452155,68.2171648712278
22730,12.303871154785156,6.167494773864746,23.268011463600853,65.6368605667622
22740,11.62677001953125,6.003076076507568,19.758510507558068,71.12418581786899
22751,13.643786430358888,6.413965225219727,29.70615527373956,59.08134859263841
22768,12.321433067321776,6.208981990814209,23.600459698985567,65.32256282184454
22784,11.933999061584473,6.162800312042236,21.996541097226377,67.94923475026981
22804,12.284113883972168,7.176499843597412,27.51862371503947,65.4038591774231
22825,11.914236068725586,7.000611305236816,25.614790321406662,67.45172661197243
22838,14.616541862487791,6.88101053237915,38.25617209682853,51.89734828432552
22844,15.120811462402344,7.285263061523437,40.90014086589722,52.22311290284922
22855,15.686113357543944,7.302189350128174,44.54985355914937,47.91981226464864
22866,14.905120849609377,7.440169334411621,40.70491816222276,52.57198803028748
22886,15.00799560546875,7.1576690673828125,40.11525307263442,52.45654584354942
22922,14.558233261108398,7.569554805755615,39.42072974882765,54.19075608659344
22954,15.257823944091797,6.401390552520752,37.8560437681655,49.32467088391178
23079,14.38332462310791,6.670389175415039,34.978115641557245,54.45173923059203
23080,14.872252464294434,6.690607070922852,37.98847143793856,51.387244203912665
23087,13.776811599731444,6.95423698425293,34.16948749925768,56.28956588871073
23091,11.501121520996094,6.060006141662598,19.05775412925396,72.2802350072054
23093,12.520588874816896,6.660955905914307,25.495725043882,64.9951871354963
23099,13.936542510986328,6.596749782562256,32.430670707301736,56.91691920635829
23147,13.358134269714355,6.240828037261963,27.664378714178188,61.67136614354561
23150,13.107391357421877,6.656347274780273,27.46914697260324,61.48649463766542
23156,14.085185050964355,6.895701408386231,35.9874711506759,53.93763835900335
23181,13.137392044067385,6.34667444229126,27.297040228277293,62.40138756783976
23186,12.67014217376709,6.671287536621094,26.261494474924657,62.93563094042192
23193,14.266929626464844,7.144850254058838,37.470556745182016,52.59769807280514
23203,11.355546951293944,7.029970645904541,24.3825455693206,69.8088455772114
23213,12.953497886657717,7.228829383850098,30.523710400679366,62.50038835554727
23229,12.281140327453612,7.378447532653809,28.347763277338,65.17193920877705
23246,12.406488418579102,7.405500411987305,29.076416925264397,64.70997270453437
23269,13.062583923339844,7.16801643371582,30.562494616246017,62.116830537883175
23278,15.059611320495604,7.1419548988342285,39.79729960301662,51.1983438171829
23317,14.23800563812256,6.508604526519775,31.598924056689032,57.77135141456776
23341,14.237672805786133,6.506611347198486,31.39312772304853,57.7318481316936
23344,12.600107192993164,5.957846164703369,22.266543625160004,64.30307901447722
23383,12.665525436401367,6.191375255584717,25.34628162535139,62.657807308970106
23384,13.53585433959961,6.386903762817383,30.88457478734193,57.426992569902936
23395,15.154953002929688,6.738879680633545,40.916780607633655,48.8169451461148
23399,16.67702865600586,6.701252460479736,50.6962517775214,39.74001234203536
23409,16.959625244140625,6.858889102935791,50.732007085105614,39.65610728874216
23417,13.25547981262207,6.382800579071045,27.44351235817825,61.61090219522386
23435,14.538762092590332,6.639431953430176,35.55816548241236,54.03488167244112
23444,14.850055694580078,6.741174221038818,39.6580194960848,50.56064560805413
23448,12.919928550720217,6.913726806640625,29.01785138048094,61.87187794457424
23451,11.099313735961914,6.223486423492432,18.54566105086671,74.17588360961626
23461,10.667434692382812,6.0099687576293945,15.642767541501716,74.95071925451671
23516,14.13015079498291,6.868541240692139,34.52065496236394,55.412096322962746
23517,13.959266662597656,6.857627868652344,33.91407057433929,56.00388095589632
23520,15.559874534606934,6.9697771072387695,42.3209070606425,48.04920880337475
23522,16.523258209228516,7.203847408294678,49.551294343240656,41.90604026845637
23534,15.535748481750488,6.969722747802734,42.20732257268543,48.18126898499919
23536,16.512937545776367,7.202597618103027,49.49486301369864,41.98544520547946
23553,14.046868324279783,6.765754222869873,33.80527371573102,55.64148036165945
23556,13.894977569580078,6.8634843826293945,33.754403721509625,56.024096385542165
23562,12.346436500549316,6.873619556427002,26.05798288630351,65.69733331857378
23566,11.792556762695312,6.770702838897705,23.59751444456557,69.03085141175188
23573,16.499521255493164,7.127201557159424,51.52672144333466,40.349430343015975
23585,17.179269790649414,7.32739782333374,54.60217948843928,37.72932286497588
23588,14.885616302490234,6.3109869956970215,34.729708216779244,52.77455595733551
23592,12.462836265563965,6.903565406799316,26.090517583027296,66.40069750852071
23593,15.072440147399902,7.222384452819824,41.64019062748213,49.03242111343779
23594,16.15247344970703,6.912031173706055,46.6364133311352,43.78172478719989
23674,14.198607444763184,7.087483406066895,35.26938522491443,54.71659973587042
23676,14.462553024291992,7.4212164878845215,38.41038920480423,53.85496232872256
23711,10.386252403259276,6.657281398773193,18.7276678822706,75.6302108274702
23712,10.260808944702148,6.673202991485596,18.476167255882,76.04534926246495
23713,14.756168365478516,7.3358683586120605,39.74504060710957,52.70603115430702
23714,14.07483196258545,7.14064884185791,36.599678959327896,55.388896995976566
23716,14.526056289672852,7.226936340332031,39.44712956542438,52.70277263177504
23717,14.387091636657717,7.2660932540893555,37.46916856598708,54.660880243945584
23718,13.609301567077637,7.673819065093994,35.53820612913358,58.56867232018666
23720,13.129996299743652,7.233175754547119,31.339332033416216,61.035580758841526
23768,16.48691177368164,7.016208648681641,48.845729882945776,42.227704582436616
23769,17.314579010009766,6.953948497772217,54.42788390188055,37.13507325036572
23770,17.275955200195312,6.963568210601807,54.20862112007989,37.41782474827328
23797,14.94371223449707,7.774495601654053,42.32573548900079,51.213888152663664
23799,12.414440155029297,7.063535690307617,27.94419745515867,64.84235270070009
23865,12.616698265075684,6.596341609954834,26.589551011457708,65.02165451455512
23871,14.742924690246582,6.668555736541748,37.40647294240473,52.0956586044893
23887,12.751778602600098,6.565135955810547,26.8734789168236,64.56991201118856
23901,12.644104957580566,6.591366767883301,26.649466349122346,64.9422245744024
24031,12.910534858703612,6.560678958892822,27.15338088505735,64.07151892679089
24033,12.42503833770752,6.541031360626221,25.212010571340628,66.67904942844709
24042,12.292173385620115,6.809399604797363,25.390883626177747,67.42169595110772
24062,15.864943504333496,7.087258338928223,44.79917470918,46.37781487966771
24083,17.11951446533203,6.967381954193115,52.835301201665054,38.32761735214808
24097,15.427128791809082,6.993597984313965,42.62912683749699,48.08338019118001
24114,15.48811149597168,7.003588199615479,43.18190429280492,47.673246694199214
24131,17.255098342895508,6.907135963439941,54.0677900595192,37.02687382443122
24140,16.09413719177246,6.993734836578369,45.429724487263165,45.20817437189164
24143,16.029552459716797,7.038862705230713,45.21243912951771,45.36925799913796
24145,16.121456146240234,6.995380878448486,45.49058564897855,45.13645520019868
24153,14.970980644226074,6.842062950134277,38.893303336364944,50.57201665789096
24154,14.85756492614746,6.807164192199707,38.04544559376553,51.81229075426932
24155,14.811996459960938,6.823487758636475,37.84137212167156,52.03070216999905
24173,14.98896312713623,6.775967121124268,38.5884952055621,50.60939951173778
24175,14.89472770690918,6.809926986694336,38.20948521073082,51.37202773801335
24177,15.544991493225098,6.690910339355469,41.67291996701963,47.26105444540174
24199,15.082036018371582,6.866422176361084,40.12410601598654,50.19791945538685
24202,14.723709106445312,6.743364334106445,37.46542362462863,52.72652764713004
24204,15.239978790283203,6.756977558135986,40.72113640380662,49.30742253272184
24206,10.614206314086914,6.0236687660217285,16.33760460251046,77.47907949790796
24227,17.74131202697754,6.664377212524414,57.61647288397431,33.64907716074478
24240,14.990925788879396,7.240375995635986,39.93741958123757,51.84037119351191
24242,15.558493614196776,7.142078399658203,43.03344296649882,48.146423339251584
24263,13.513673782348633,8.147006034851074,37.60994441422677,56.65768980750608
24264,13.717357635498049,8.018733024597168,37.77656704716091,56.43495940361182
24288,11.201839447021484,6.535371780395508,21.36417415996214,71.32276384287742
24292,11.229761123657228,6.542495727539063,21.5342949661466,71.08036502796585
24301,14.874600410461426,7.081488132476807,39.71674301205946,50.38328503318687
24303,14.383569717407228,6.7654523849487305,36.35889570552147,53.04907975460122
24313,15.428048133850098,6.7171549797058105,41.98398987809922,47.64025077658013
24332,14.627888679504396,6.98079776763916,36.77218807064498,54.03615885362216
24334,13.465697288513184,7.051081657409668,31.132766799943436,60.56336217425401
24336,13.801167488098145,7.098784923553467,33.22224216166329,58.21775578742277
24352,16.369142532348633,6.981277942657471,48.630765930057926,42.249302724737184
24363,16.027502059936523,6.846953868865967,47.17145452057181,42.71993231894696
24364,16.23680877685547,7.058240413665772,48.240449299512434,42.247731901499726
24365,12.44735050201416,6.090803623199463,22.46105919003115,67.82710280373831
24369,11.560669898986816,6.8074951171875,23.863052515218985,67.97708200345637
24386,12.329911231994627,7.196376323699951,27.140576812807044,66.7278813519922
24395,14.112285614013672,5.913368225097656,30.072066000717403,56.2201763062642
24413,14.594478607177734,6.360127925872803,35.27013467124373,53.76815421177713
24452,16.320215225219727,6.495548248291016,46.66792359791736,41.59620600136329
24466,16.005712509155273,6.322279930114746,43.95970052685091,44.253627876883264
24468,17.011343002319336,6.243877410888672,52.35558544527821,36.27884751522016
24471,16.81951141357422,6.040489673614502,47.91532946398088,39.88665073403892
24472,17.992036819458008,6.389594554901123,58.14170782317465,31.43710031671298
24476,17.970346450805664,6.417516708374023,58.03869080814466,31.62310542687536
24501,19.070629119873047,6.742142200469971,65.25142762100128,27.843876476132397
24503,19.06959342956543,6.747645378112793,65.24623515623273,27.865372282788968
24504,18.279909133911133,6.713614463806152,60.931445078559854,31.03994927076728
24505,17.173595428466797,6.661098480224609,53.13067600145306,36.55922855916251
24511,15.467100143432615,6.9680376052856445,42.95916822288397,47.708575177913495
24514,14.123254776000977,6.874217987060547,34.816517217994125,55.98171451535931
24542,15.549078941345217,6.883804798126221,42.90749296792924,47.03297448120827
24549,16.56846809387207,6.493582248687744,49.12907089488393,39.98403011464096
24561,16.199283599853516,6.90729570388794,47.42434606222138,42.55253909474728
24564,17.75643539428711,5.970559120178223,57.320379060549456,31.11417376645861
24635,18.13407325744629,6.766238689422607,59.77152434721242,32.02981651376147
24654,12.442957878112791,6.87672233581543,26.830953240191786,64.5213177295458
24679,13.958499908447266,6.173303604125977,29.058797718297495,57.906976744186046
24694,14.030126571655272,6.81761360168457,33.58863045447594,56.94655231238015
24696,17.830730438232422,6.253238677978516,55.07035073409462,34.537112561174546
24770,14.307062149047852,7.1588568687438965,37.19406423634639,54.15029136739396
24794,14.737215042114258,7.157680988311768,39.63582280985421,51.17310355649249
24812,12.363779067993164,7.201366901397705,28.116371203329464,65.26805127589472
24836,15.5675687789917,7.443274974822998,44.914278708288776,47.112312942314375
24868,7.189755439758301,5.093763828277588,8.106689012877357,89.76865307507903
24869,8.157761573791504,5.646327972412109,10.269410664172124,85.40754599314
24890,15.10240650177002,7.296718120574951,41.72531540922325,50.01401818769994
24893,16.65871238708496,6.636934757232666,50.38182346109176,39.661730545876885
24919,14.891176223754885,6.875170707702637,38.72449447626037,51.60666780242966
24921,17.346717834472656,6.998345851898193,53.310257678149554,37.93527828141311
24927,18.452808380126957,6.863436698913574,60.91704016170137,31.35490816416205
24966,17.434762954711914,6.821630954742432,55.38989351709955,35.79881949319281
24992,13.024447441101074,6.860720634460449,29.020039413405676,60.67233127735264
25000,14.025494575500488,6.689774036407471,33.398141529664045,57.16654753395283
25010,10.837918281555176,6.668498992919922,20.71475434187886,72.73807608036344
25039,11.22065258026123,6.769511222839356,22.440648159778924,70.6192689360633
25048,12.909672737121582,6.487053394317627,26.734443574246747,64.74369393997607
25070,13.551691055297852,7.3445048332214355,33.75534322353533,58.8207191350264
25071,14.089559555053713,7.317198276519775,36.4026097390261,54.69453054694531
25095,13.758429527282717,7.150445938110352,34.264057160608886,55.70798384591488
25103,16.33611488342285,6.746642112731934,46.92589576547231,41.89060803474485
25104,13.393010139465332,6.998282432556152,31.995887177809458,58.82620989414157
25105,10.826833724975586,6.336671352386475,18.979888624835954,74.77151538798047
25168,12.238627433776855,6.240034580230713,22.51245144241893,68.23390445572888
25184,11.262288093566896,6.55284309387207,21.65699821732836,70.79176228418346
25194,12.261727333068848,7.064043045043945,27.291950431958245,65.22140836484517
25208,10.299263954162598,6.469781398773193,17.764149521440952,74.95949204913708
25218,11.098621368408203,6.48173189163208,20.72134730985146,72.04332058224452
25232,13.301347732543944,6.0830512046813965,27.45415069062688,58.94003788053772
25233,13.34906005859375,5.95820426940918,26.884260005990924,59.54860711076292
25274,13.25259494781494,6.061498641967773,26.75277382645804,59.29559032716928
25276,13.42872714996338,6.391677379608154,29.521331233308224,59.85299824237029
25293,13.88691520690918,6.611393928527832,32.40033830117948,57.14775532595776
25296,13.272785186767578,6.367645740509033,28.469483139919287,61.11579763343289
25307,7.071279048919678,4.4441237449646,5.648382844976173,91.48433539491026
25320,7.119744300842285,4.464333534240723,5.750786046557761,91.39861735154382
25332,14.750861167907717,7.168885707855225,38.46069099242024,51.742904988542215
25344,15.221040725708008,7.299469470977783,40.60274934447992,50.46462385763969
25354,13.808808326721191,7.166655540466309,34.03875609516181,57.68166041341708
25367,16.18599510192871,7.1806817054748535,46.61864833504828,44.383387700593296
25377,13.78235149383545,7.144296646118164,33.84604539687015,57.857042154236574
25378,17.748353958129883,6.631898880004883,58.188833091284486,32.88043953736592
25383,16.718507766723633,6.53007698059082,48.51468008494137,41.01306435232204
25395,17.730876922607422,6.6383957862854,58.05488246497197,33.027834655173955
25399,16.335865020751953,6.76240873336792,47.962369774562205,42.51892121297859
25436,14.440810203552246,7.300111293792725,38.834623254158885,52.5967440619162
25438,17.276412963867188,6.702521324157715,53.46256229609912,36.46298260712928
25453,15.387309074401855,7.106186389923096,41.87384200774802,48.345123799898936
25458,14.971012115478516,6.98544454574585,39.811099333737126,50.84039975772259
25473,13.974352836608888,6.8447089195251465,34.027350006159914,56.32160896883085
25475,13.66059112548828,6.000132083892822,27.2621076049673,57.13807394400256
25478,16.18152618408203,6.737223148345947,46.57776862482624,43.74813365597488
25485,13.805097579956056,6.460522651672363,30.64483849017332,58.97290157306969
25487,14.563495635986328,6.746344089508057,36.46033526564743,53.17106078552882
25494,15.896620750427246,6.432407855987549,42.821013147425454,43.51437881256393
25538,17.174047470092773,6.480395793914795,53.4647712223994,36.15442825869571
25585,15.351762771606444,7.043626308441162,41.467095254453554,49.20498601364283
25604,12.3357515335083,6.263164520263672,23.4249361019384,67.33643029047965
25605,15.916952133178713,7.629908084869385,45.27281870756852,47.908808984997066
25607,14.716710090637209,6.911471366882324,37.9534006098691,51.55752480752059
25672,12.389244079589844,6.429501056671143,23.71072219539407,67.05410220971476
25673,12.686711311340332,6.533035755157471,26.047661290934045,64.81738431559873
25676,13.02338695526123,6.534531116485596,27.04613247252074,61.72925264577289
25677,13.385174751281738,6.488254070281982,28.54983758421559,58.73135226179018
25711,11.089348793029783,6.5956711769104,20.403864313212758,72.46858429577976
25715,12.598115921020508,6.5345330238342285,25.538509354306782,65.4844641670048
25734,14.17930030822754,6.906622886657715,34.60009332711152,55.97573495100326
25735,12.717267990112305,6.515495777130127,25.9204904651082,64.79037132238008
25739,13.789346694946287,6.855971336364746,32.90250476628756,58.06192886726711
25740,13.759289741516112,6.869302272796631,32.83482493327053,58.14099544669493
25741,13.661783218383787,6.818706512451172,31.96211379840626,58.73759261848176
25749,13.762372016906738,6.884354591369629,32.929524110172835,58.07486912372083
25752,13.776832580566406,6.84722900390625,32.79283513499399,58.150556164812784
25754,13.775802612304688,6.8610944747924805,32.87569331158238,58.0815660685155
25755,13.82927131652832,6.7622575759887695,32.62230954093357,57.78062343221008
25769,13.499528884887695,6.748935222625732,31.194515942638017,59.65225613279404
25771,13.747773170471191,6.871196269989014,32.79546673995263,58.17727350058236
25773,13.749722480773926,6.880013465881348,32.86115648480889,58.13655668082326
25775,13.660778045654297,6.810433387756348,31.91791633780584,58.75997544505832
25801,13.795538902282717,6.863065719604492,32.99590894786531,57.94870450015735
25803,13.790263175964355,6.852952480316162,32.892587898663386,58.04904817277918
25806,13.805412292480469,6.822646617889404,32.803482968183445,57.96818344313365
25809,13.69675350189209,6.778133869171143,31.90865173473869,58.759771629336846
25812,17.711151123046875,6.617462635040283,54.88929470231768,35.66282355292685
25826,15.707148551940918,7.615478038787842,46.31610376380912,45.03661942146583
25838,16.491527557373047,6.770778656005859,50.444679813722026,39.72949345169046
25839,15.813958168029783,6.6419172286987305,43.87129963054763,45.2353115403202
25859,16.459970474243164,6.708704471588135,48.50229434114105,41.29968815531877
25887,14.359783172607422,7.707870006561279,38.8468737592407,53.99122724092946
25891,16.977041244506836,7.23982572555542,52.14484328740991,40.02807598513412
25897,15.437013626098633,7.2589240074157715,42.6863089810001,49.11957431206461
25898,12.960526466369627,6.704306125640869,28.09702695871212,63.343821634954814
25902,16.691204071044922,6.550338745117188,49.72431836364029,39.27976821120457
25903,10.96941375732422,6.050774574279785,16.607889018886844,78.29099114156777
25904,16.256778717041016,7.197329044342041,47.36601172257178,44.5107666346525
25908,12.49152374267578,6.692018985748291,26.836746812346824,64.89640801960637
25913,9.906224250793455,6.295656204223633,16.412673365999503,77.72298812390997
25918,16.563997268676758,6.828254222869873,48.49492269496744,41.68398171530863
25919,16.433773040771484,7.522346973419189,50.76032927955363,42.27686202086485
25922,11.64713191986084,6.808727264404297,23.461585440332232,69.25247343349213
25945,16.936174392700195,6.758827209472656,51.50278131565484,38.80561270587723
25947,16.92474937438965,6.761476516723633,51.425289536636,38.89011834381883
25959,16.93649673461914,6.753721714019775,51.49259466640317,38.78769913156132
25961,15.6149320602417,6.651804447174072,42.874475829626,46.4154196555908
25997,14.498735427856444,7.086302757263184,37.03217571407929,54.21824574924137
26002,14.50455093383789,6.776243209838867,37.20550964187328,53.32121212121213
26024,16.641357421875,6.897431373596191,49.73847238194161,41.29539637199986
26026,16.617931365966797,6.502912998199463,48.55270276917023,39.95499483547293
26028,12.666532516479492,7.737434864044189,31.26338566161048,63.223377713011416
26042,17.307872772216797,6.862755298614502,53.75123885034688,37.470267591674926
26045,12.812209129333496,6.991631984710693,28.251634900229167,63.01585527173812
26047,12.779067039489746,7.36278772354126,30.56777048482212,62.02519927049871
26048,12.692007064819336,6.9078545570373535,27.09998397977892,63.84948112283949
26049,12.66683292388916,7.242447853088379,29.382542701242382,62.922346835398045
26050,14.606660842895508,6.739845275878906,36.74871076297564,53.405997679947625
26062,14.914328575134276,7.302083492279053,40.8727356191956,49.86051767364667
26065,14.938501358032228,7.056320667266846,39.85211740981403,50.43423706027336
26069,14.898595809936523,7.047242641448975,39.57453689562858,50.83008426613005
26074,15.19156265258789,7.172749996185303,41.42982739440916,49.26974557720602
26079,13.702019691467283,7.311179637908935,34.532549288407075,58.63832320207796
26089,12.69013500213623,6.265847206115723,23.41439369043707,67.54436411436083
26092,12.32433795928955,6.388469696044922,22.724516343577005,68.76626044091469
26118,13.958352088928224,7.221815586090088,34.20836245528923,57.32845454919213
26154,13.72592830657959,6.872163772583008,32.26432620397276,59.2090220549707
26157,14.37436866760254,6.824967384338379,36.39159405433111,54.73162242380175
26166,14.362112998962402,6.993278503417969,36.470028544243576,55.33301617507136
26168,14.155012130737305,7.174248218536377,36.413386154633166,55.47307184410578
26170,15.381412506103516,6.362430095672607,40.778297069671886,45.97455336224815
26175,12.46918773651123,7.013513565063477,26.920057266891423,64.86976400498776
26184,12.53546905517578,6.328144073486328,26.35752595354833,62.735078148378335
26198,15.44615364074707,6.356873512268066,41.39363565002113,45.55401243886239
26209,13.962834358215332,7.308269500732422,36.36451232144148,55.97041890492135
26283,11.925511360168455,6.642176151275635,23.62679564103149,68.93056220959856
26465,10.168411254882812,6.404606819152832,17.51226124836263,77.03567185548481
26471,10.215296745300291,6.47461462020874,18.47060960656383,75.92757989070377
26503,10.152823448181152,6.3864569664001465,17.389099940481,77.23582014975274
26505,7.869596004486084,5.047933101654053,8.408189388921551,87.96597429466618
26521,15.39593505859375,6.998934745788574,42.86807131280389,47.55656401944895
26593,15.105719566345217,6.9638543128967285,41.05131556515315,48.75490140364835
26600,15.56769561767578,6.7420830726623535,42.67928740659741,46.65231456169127
26601,15.936567306518556,7.050635814666748,45.62573645479001,44.45296694012762
26636,13.193784713745115,6.955239295959473,30.669335112297087,60.19568601289749
26637,15.643345832824709,6.419609546661377,42.34182713985637,46.16129067734166
26653,13.750056266784668,7.218108654022217,35.384564549349605,55.49118304677776
26668,16.077444076538086,6.503504276275635,45.96807113935502,42.49495250388905
26693,15.179889678955078,6.987756729125977,41.60875131452608,48.11394083489552
26718,14.288726806640623,6.879048824310303,36.47828069302827,53.92626212384979
26721,14.999052047729492,6.571905136108398,37.5613281488569,50.4896072962684
26740,13.1265230178833,7.328412055969238,32.15773991910773,60.2075417739102
26741,14.307605743408203,6.883857250213623,36.5822109067017,53.82206800262812
26768,10.543667793273926,6.699278354644775,20.15775077921252,73.81082628331531
26770,10.1577787399292,6.193445682525635,16.563170660469606,77.67534001295287
26790,13.30566692352295,7.3850789070129395,32.49623914203912,60.47216965108944
26793,12.71800136566162,7.248115539550781,28.984074551833057,64.35400065100242
26798,12.627798080444336,7.194552421569824,28.356930943824025,64.9786536095902
26800,12.816045761108398,7.03690767288208,28.792560505034075,63.52695929862949
26837,16.54200553894043,7.250412464141846,51.00731697001312,40.68460898619786
26838,16.460952758789062,6.9143476486206055,48.58447369109605,42.07069782045579
26844,15.47055435180664,7.077333450317383,41.94092176154957,48.612289419464304
26846,15.587676048278809,7.161957263946533,42.6940400125694,48.16521769491289
26848,15.65140151977539,7.023862838745117,42.68318240478265,47.4360529886059
26849,15.59639835357666,7.162652492523193,42.76405995476439,48.06693933037232
26857,15.215388298034668,7.056487560272217,40.85895906849787,49.48174742718029
26858,15.705448150634766,7.029685020446777,43.59924877557784,46.69989075331116
26870,15.68267822265625,7.099460124969482,43.9962453375491,46.89005261467777
26873,15.689682960510254,7.043452262878418,43.52804025033746,46.705117192293535
26880,16.5482234954834,7.239314556121826,50.965602171905175,40.72182260908506
26882,16.494752883911133,6.892503261566162,48.674908171728745,41.91187119027871
26892,15.53993034362793,7.14570951461792,42.36959970140898,48.54320238872819
26907,16.68531608581543,6.839295864105225,49.80095442969117,40.58427910886927
26908,16.46854591369629,6.917932510375977,48.69263706025345,42.000962475783865
26939,14.041290283203123,7.287292957305908,36.03616430554567,55.96009315664758
26974,16.787954330444336,7.062135219573975,50.8010782285161,40.46678942273012
26976,15.436959266662598,7.489271640777588,44.05673974057498,47.63805658803004
26997,14.213197708129885,7.578149795532227,37.89977440116781,54.41410656227191
27001,15.39555549621582,6.670185565948486,40.464588082747866,48.75039195911761
27003,15.300046920776367,7.080183506011963,40.2189471452049,50.50716570358197
27017,16.384462356567383,7.368174076080322,48.46149987459242,43.410082768999246
27022,16.792057037353516,7.051596641540527,50.8400110791683,40.4084010658924
27025,15.467327117919922,7.459939956665039,44.16993549715869,47.57201569038636
27031,16.899852752685547,6.257523536682129,50.21138359481142,36.90825876084432
27033,15.596848487854004,7.526849746704102,46.032158902813904,46.54449436430993
27054,17.48392105102539,6.821957111358643,54.60984992224529,35.832645073922784
27055,17.047842025756836,6.855726718902588,51.07272932076747,39.04629594863515
27057,17.498456954956055,6.820169925689697,54.68718348850993,35.798903135292484
27061,13.781550407409668,6.993372440338135,34.14992131703183,57.269852318121295
27079,17.34929656982422,6.369241237640381,54.73705890429768,34.70563107388591
27080,15.454768180847168,7.11442756652832,43.40045657432962,47.76244505775325
27083,15.578027725219728,7.156466484069824,44.19663073996921,47.31342269721945
27086,17.73373794555664,6.8323974609375,56.72815777378515,34.625830443320936
27094,12.968046188354492,6.590200901031494,26.91538104628233,64.88516413409118
27096,13.90133285522461,6.6112446784973145,31.804427662545905,57.7199606889774
27104,13.182577133178713,6.644855976104736,27.97173024523161,63.460774296094456
27110,13.976569175720217,6.655035972595215,32.748432379428685,56.95301008954146
27128,15.061186790466309,6.959884166717529,39.98208460345473,50.67516979517621
27130,14.101920127868652,6.836528301239014,34.05919890399106,56.556224537621226
27594,14.853655815124512,6.838940143585205,37.98503642878146,51.5644228570184
27633,13.239286422729492,7.286478519439697,32.49858099670791,59.57997502554206
27635,11.89276885986328,6.824740886688232,24.64491998863744,67.89603257267304
27680,13.46045970916748,6.568492889404297,31.415044597741552,59.066742827013485
27740,14.052359580993652,6.837695598602295,33.20439055575421,57.59624657326442
28082,14.120405197143556,6.919483661651611,34.17646995857462,56.29569368771475
28087,12.05414581298828,7.05992317199707,26.52188659465348,66.4254807445245
28089,14.00335693359375,7.4886651039123535,36.05196392279797,56.290264734402186
28107,11.670437812805176,6.992064952850342,24.264555953065045,69.21330194450108
28109,14.042597770690918,7.452393054962158,36.047103202670336,56.25581655064587
28140,14.75844383239746,6.984158992767334,37.99781079696306,52.4628534165541
28216,13.17794418334961,7.765994548797607,34.24506387921022,59.635307781649246
28220,14.554608345031738,6.94807243347168,36.75416826872662,52.99614340475608
28393,15.869780540466309,7.080283164978027,45.14029203037752,45.57326140401517
28412,16.77985382080078,7.10907793045044,50.77828285809866,40.17946750103312
28422,16.818696975708008,7.114321708679199,50.382679445631936,40.269500891441176
28443,12.475364685058594,7.086670398712158,28.52389103680312,63.85503054629165
28450,10.600604057312012,6.573615550994873,19.41479463474908,74.11162222916946
28461,14.746234893798828,7.169301509857178,39.16404494382022,51.64943820224719
28484,14.665693283081056,7.185747623443604,38.79470622338618,52.093120889226526
28494,16.503299713134766,7.193190574645996,48.76387890406582,42.29670900231648
28507,14.669546127319336,7.188483238220215,38.83253512607708,52.07484308534372
28530,12.467228889465332,7.053018569946289,28.454494373490864,63.85290589075005
28534,10.6046781539917,6.568655490875244,19.40345987214833,74.10397794407247
28553,12.324477195739746,6.970005989074707,27.36875013956812,64.83851038014635
28554,10.611144065856934,6.56992769241333,19.4276538047842,74.07171749306912
28577,15.389892578125,6.901927471160889,41.76509543059908,48.30241269904026
28611,16.973867416381836,7.23534631729126,52.67115908658823,39.64278924354127
28612,17.030723571777344,7.178183078765869,52.7799646785965,39.54082175458008
28624,16.843955993652344,6.622715473175049,47.13378785922996,40.79819754274382
28631,17.296916961669922,6.534409523010254,50.07237593117814,38.05091028915067
28639,16.89977264404297,6.570880889892578,47.165087165087165,40.63765063765064
28642,17.255237579345703,6.548730373382568,49.76180368850526,38.27413801235791
28660,17.166044235229492,7.088184833526611,53.046544692632914,39.03823848542672
28662,16.947978973388672,7.316518783569336,52.865900607194725,39.46278373926688
28669,17.169023513793945,7.086554050445557,53.068760809610616,39.006216986864864
28672,17.216827392578125,7.05937385559082,53.25659687086479,38.86121273449054
28685,17.183895111083984,6.583675384521484,49.51073689436882,38.52145310107989
28688,17.16210174560547,6.619969367980957,49.51902190777633,38.653054469476
28701,16.90696907043457,7.313291549682617,52.65246471736557,39.64562687347322
28704,16.936925888061523,7.267800331115723,52.66026528135579,39.64849155826183
28719,16.76119613647461,7.285308837890625,51.638516332463794,40.45216199836632
28722,14.828115463256836,7.249975204467773,39.98326269470615,51.359231163782624
28731,17.126575469970703,7.0130295753479,52.463485196225854,39.28210268991655
28739,17.076751708984375,7.206361293792725,54.05042819862536,38.07659793435513
28749,17.030778884887695,6.62849760055542,48.75780248852879,40.83646810797404
28751,17.012990951538086,6.644022941589356,48.67242912384458,41.01821791186749
28764,16.97254753112793,7.194502830505371,52.51674293160399,39.15472186025839
28768,16.827917098999023,7.237874507904053,51.79166205460016,40.32421988991416
28802,16.921323776245117,7.311141967773437,52.69652504715322,39.68756327056893
28804,16.921829223632812,7.319602012634277,52.75256269400207,39.60788915081761
28814,17.205217361450195,7.059696197509766,53.1354037509641,38.930164897927305
28817,17.1977596282959,7.042481422424316,53.06747320861805,38.99592995033792
28820,14.441144943237305,7.151192665100098,36.94329478537672,52.86749595620614
28822,14.443458557128906,7.198988437652588,37.37369147492006,52.552298403358
28847,12.273308753967283,6.373746395111084,23.4450337512054,66.9087512054002
28853,13.591520309448242,7.509913921356201,34.27361421403802,58.16427083098263
28867,12.130806922912598,6.594264984130859,24.86986468192606,67.07449007912906
28873,12.55936050415039,6.581722259521484,26.36313196697883,64.02811170704642
28884,13.808496475219728,7.222285270690918,34.58075763725771,56.60254320182588
28892,13.6171293258667,7.23957633972168,33.04020854306534,58.49539645183442
28910,14.205873489379885,7.457634449005127,37.11841450285357,54.808816549552574
28911,14.031641006469728,7.527389049530029,36.22601654638268,55.581763773983454
28935,14.825669288635254,7.275417327880859,40.04136050128477,50.450795654329895
28937,14.999103546142578,7.224709987640381,41.017748934894165,49.58612222266228
28949,15.75370979309082,7.050545692443848,45.45272246862319,44.87590827592715
28953,14.545257568359377,6.948831558227539,37.916332323317,52.1635507862558
28955,16.810657501220703,6.44505786895752,49.226869748385454,38.40767574824657
28975,14.626073837280272,7.037071228027344,38.68880520369736,51.77450644756362
28978,15.71369171142578,7.199151515960693,45.04753430431322,45.82025944832108
28987,15.566313743591309,7.219834327697754,45.185263953873054,46.27936102840399
29010,15.352075576782228,7.421892642974853,43.34786040286881,47.982796289306016
29013,17.112943649291992,7.002732753753662,53.30374871414559,37.751489198823
29034,16.929712295532227,7.131354808807373,53.01583178872059,38.355194030908
29045,14.758880615234377,6.975622177124023,38.93446740113183,51.29759233834511
29068,12.944005966186523,6.000927925109863,24.58775459150701,62.553941086952
29073,14.882295608520508,6.325574398040772,37.95414865314267,48.54194379780512
29076,14.010674476623535,6.733896732330322,35.676009673261106,54.001938913569205
29084,14.402301788330078,6.514922618865967,36.50161107374803,50.49536753560925
29086,14.39308738708496,6.436661243438721,35.47568667956959,50.961200974739015
29090,12.656648635864258,6.679642677307129,28.38662038013771,62.34584476111932
29105,14.187256813049316,6.746379375457764,36.377386693239856,51.84796341441714
29107,15.024820327758787,6.046669960021973,37.362530068080346,47.531976460354514
29109,15.329926490783691,5.970144271850586,39.0847137951282,45.12197291863134
29120,14.94874668121338,6.169376850128174,37.47949674238745,47.51532589870703
29123,14.09566879272461,6.701434135437012,35.35262206148282,52.1856663099236
29126,15.035052299499512,6.079507350921631,37.97174571140262,47.073662966700304
29132,12.224114418029783,6.851280212402344,27.58098088304413,63.451411470173525
29135,16.05991554260254,5.949643611907959,43.74677178859967,40.336805995458576
29137,15.366243362426758,6.29030179977417,40.47981531787018,44.412271013065066
29156,14.925731658935549,6.490598678588867,38.98375810489825,47.649312019858336
29158,13.12606430053711,6.10553789138794,26.57092878316521,61.33404560642721
29159,15.108051300048828,6.476513385772705,40.229653931632974,46.60704836490634
29179,13.225334167480469,6.035634517669678,27.40096132700826,59.02317447352162
29182,13.76051902770996,6.439289093017578,31.87236731255265,55.48336141533278
29184,14.956599235534668,6.6600661277771,40.23713183400772,47.14511255397677
29192,15.845091819763184,6.93026876449585,45.89726618127845,43.71001063040295
29196,12.703269958496094,6.60265064239502,27.734102610639333,62.23981965286999
29206,15.226656913757324,6.391254901885986,40.12253750587201,45.298897562243255
29211,13.260128021240234,6.286675930023193,26.900195905749563,61.076762702420965
29216,12.304428100585938,6.213463306427002,22.038678855252883,66.29427167072443
29219,13.478999137878418,6.402578830718994,28.63661936613115,59.47365130962056
29230,14.325942039489746,6.63312578201294,36.14515717843626,51.91594924793599
29231,14.458402633666992,6.540499210357666,36.36682106574287,51.527772371647664
29235,14.510383605957031,6.563182830810547,37.45790207667277,49.790814826058494
29254,15.071873664855955,6.394834041595459,39.36842329939596,46.90935092100489
29255,13.086139678955078,6.072121620178223,26.04594617254968,61.95921019535508
29257,15.36611270904541,6.558147430419922,41.83118923279413,45.58654948414215
29262,8.096471786499023,5.014603614807129,8.13968204519125,87.68776954604309
29270,7.6153244972229,4.903385162353516,7.6035726901145475,88.99429782509966
29284,8.020926475524902,5.113053798675537,8.410453693435528,87.31562263854677
29291,15.571535110473633,6.960183143615723,42.83603964081329,47.723677476387664
29292,15.53205680847168,7.148275375366211,43.95767170687776,47.28515902734986
29300,7.32705020904541,4.617331981658936,6.516799220905697,90.54536601201104
29311,14.382245063781738,7.043556213378906,38.1344563687544,52.60929802955665
29314,12.899229049682615,7.152225494384766,29.76360411800329,62.86119041439571
29321,8.00710391998291,5.115124702453613,8.43843517594888,87.26827389359117
29336,15.709421157836914,6.819593906402588,45.4530158053552,43.9420283352216
29338,15.200663566589355,7.146097183227539,40.90570021919506,49.59775984943251
29341,16.226322174072266,7.010760307312012,47.732540039434085,43.39017837582298
29342,15.45935344696045,7.023386955261231,42.443220842112616,48.32660093361116
29355,14.072659492492676,7.564631462097168,37.3043627816316,55.230178295018064
29356,16.01597023010254,7.008859634399414,47.86826279997752,43.48788849547575
29378,13.763689994812012,7.370969772338867,34.696558648238735,57.91233204451755
29380,14.726693153381348,6.899999618530273,38.435920244733246,51.9363867132412
29387,7.819146633148193,5.03050422668457,7.94104665220979,87.75931221094245
29399,7.93172550201416,5.021482944488525,8.027964805656518,87.84980833780213
29421,7.3179450035095215,4.657778263092041,6.624062798772204,90.4574045186937
29424,13.160680770874023,7.357878684997559,31.54073448712537,61.2169088825906
29425,14.294398307800291,7.41106653213501,38.00775744877215,54.50917299609633
29426,15.015021324157717,7.456714153289795,41.95749609709422,50.32482248073728
29443,12.376522064208984,6.402844905853272,23.73078656185851,65.52220497671857
29444,12.255022048950195,6.975959300994873,26.80492647917667,64.40501992135283
29445,15.305045127868652,7.011199474334717,42.434284747292416,47.88470216606498
29449,14.430746078491213,7.494348049163818,38.89298802233208,53.30677094862146
29452,16.554256439208984,7.1436614990234375,49.76342096837312,41.51102256691214
29458,17.1361141204834,6.605663299560547,52.4484164573123,37.140150735142704
29463,16.262033462524414,7.590482234954834,49.46042511960273,43.31254163386423
29469,16.594411849975586,7.349211692810059,51.194933073490944,40.99440996974204
29471,13.255305290222168,6.8909831047058105,30.52348568717381,58.26635802912886
29474,15.948923110961914,6.965079307556152,46.07282999092501,43.90505770926799
29476,16.521221160888672,7.310304164886475,50.58434158523871,41.2227529520161
29478,17.337087631225586,7.2345452308654785,56.06777591207449,36.16496209230143
29507,12.314881324768066,6.801206588745117,26.174016686531587,65.61445329653097
29508,12.723355293273926,7.312421798706055,29.25151413992084,63.988506843435545
29509,12.306588172912598,7.07523250579834,26.949465049481358,66.16704504120311
29525,13.913329124450684,7.411131381988525,35.99314815271239,56.233209277105466
29527,10.966588973999023,6.2740159034729,19.199311788195114,72.97484688571319
29529,12.388630867004396,7.151803970336914,28.63487731404001,64.04129869461109
29545,14.698278427124023,7.554809093475342,41.46034456338521,50.17074932685362
29547,16.60820960998535,7.355237483978271,52.18316711262466,40.03283872537096
29561,13.29863166809082,7.287014484405518,32.146420824295014,59.91865509761388
29562,15.1775484085083,6.973019599914551,41.13541181945091,48.60797421375796
29576,12.44341278076172,6.96373987197876,27.51549714852467,64.26233573022564
29648,11.972650527954102,6.590193271636963,24.1505841283694,68.22103655513021
29660,8.788206100463867,5.60019588470459,11.234464243140426,84.0179950451431
29661,7.886757850646973,4.850739002227783,7.397967081161963,89.0201743976059
29662,11.06411361694336,7.120840549468994,22.78104720061268,72.04341166512152
29667,16.030506134033203,6.655181407928467,45.23791313848675,43.754165528544114
29669,15.959836959838867,6.664631366729736,45.10669132517872,44.00462887857846
29674,9.777069091796877,5.926977634429932,14.25664734958241,79.83424237259247
29676,11.030312538146973,6.9249444007873535,22.287669226423382,71.59716264568642
29681,12.10364818572998,6.67755937576294,24.194512650795343,67.63211273620155
29682,12.43891716003418,6.91683292388916,27.48679048915219,65.28700664478424
29683,13.028250694274902,6.832706451416016,29.102077880455106,62.00950803910048
29686,13.590709686279297,7.6084723472595215,35.772739067084494,57.98686652961019
29691,10.835471153259276,7.20893669128418,22.807223723900183,72.72495788772672
29705,12.750236511230469,6.467564105987549,26.515477968071995,64.74991732389991
29715,14.760573387145996,6.783929347991943,40.11146765749029,49.52263627964275
29719,13.50132656097412,7.212155818939209,32.62669793185035,60.07562794431417
29722,13.750125885009766,7.180035591125488,33.67579786379268,58.559292073320975
29723,14.588536262512209,6.78167200088501,38.91668963762431,50.77818536502618
29729,13.678756713867188,7.1771321296691895,34.43203457645976,57.89738322956117
29730,13.194867134094238,7.250823974609375,32.492676773076184,60.39363681070795
29740,16.979442596435547,6.681352615356445,51.91010082869385,37.46183646766041
29741,16.95329475402832,6.6662702560424805,51.7219722895118,37.546301636738825
29743,16.954280853271484,6.673822402954102,51.74155570407692,37.44666084005964
29744,14.876659393310549,6.585326194763184,35.277424965386246,53.0809103703958
29745,15.915861129760742,6.666141033172607,42.17944693648174,45.79937018398324
29746,15.980801582336426,6.647657871246338,42.61026488040619,45.328398686813074
29747,15.938461303710938,6.661398410797119,42.32090234732242,45.6213799410629
29748,15.81019115447998,6.842196464538574,43.48551390732986,46.084839818881285
29749,15.78122615814209,6.8277974128723145,43.04658337452488,46.3345207861051
29750,15.798583030700684,6.838155746459961,43.28797915637825,46.20165863460654
29752,15.836140632629396,6.994668483734131,44.35753149485839,45.60402282795227
29753,15.620285987854004,7.067796230316162,43.17732278413343,47.15599272960547
29754,15.832335472106934,6.985661029815674,44.29585625424564,45.51194107383087
29755,15.865256309509276,7.011441707611084,44.49749976788296,45.44851644051835
29758,15.353540420532228,6.942622184753418,41.30589340578423,48.32161084731991
29762,15.390932083129885,6.9189558029174805,41.44105247117388,48.14598465992787
29763,15.723106384277344,6.704145908355713,43.59412800344518,45.238185710124
29764,15.86854362487793,7.0067572593688965,44.54234683061268,45.46321814712741
29765,15.877799987792969,6.976274490356445,44.46738943383239,45.53036019220841
29767,15.114483833312988,7.063918590545654,39.78862004785961,50.58495081095453
29769,16.99523162841797,6.477288722991943,51.42329817187352,37.90701747295531
29770,16.94972038269043,6.465476036071777,51.14246859389516,38.196286472148536
29771,16.95724868774414,6.468544960021973,51.23281015938137,38.07338830483542
29772,16.084930419921875,6.615504264831543,43.36739866577448,44.654987124115415
29773,16.089080810546875,6.630828380584717,43.38862270586324,44.49711710248498
29774,15.654812812805176,6.639379024505615,40.71502340196445,47.46533652684085
29775,15.971735954284668,6.620866298675537,42.35593546882447,45.52672405925836
29776,15.401289939880373,6.931468486785889,41.539909447016335,48.10500076308694
29777,15.370410919189451,6.923364639282227,41.20036675750707,48.38270127091664
29778,15.363409042358398,6.919986724853516,41.18014401325431,48.41011916140955
29779,15.37343406677246,6.947370529174805,41.41428316280968,48.11063200061236
29786,16.59870719909668,6.8875017166137695,48.579417858332974,41.309166775329246
29787,16.371002197265625,6.871467590332031,46.8263136070138,42.848468692613
29788,16.550308227539062,6.858264446258545,48.352856109906,41.46203904555315
29793,19.060853958129883,5.241922855377197,65.61550864299373,22.389290937043008
29794,13.484619140625,5.750987529754639,25.856121161127472,64.00925536390409
29804,15.77509880065918,7.1639180183410645,45.21100217085331,45.35771368591808
29805,17.544700622558594,6.761295795440674,55.2338018636468,35.64617299766742
29807,16.692962646484375,6.736241340637207,49.59669185215438,40.31805186849091
29808,17.60601806640625,6.79966402053833,55.80443652732809,35.30565819722446
29810,16.63376235961914,7.408430099487305,51.45277926126932,40.92175343889378
29812,17.01662826538086,6.682713508605957,51.20390038062925,38.31382667826136
29814,17.893457412719727,7.041540622711182,57.79664466606577,34.42706364667229
29816,17.247655868530273,6.621394157409668,53.17531882004379,36.227403495212336
29817,17.138587951660156,6.583098888397217,51.95850397408639,37.049615434010185
29820,17.46700096130371,6.640909671783447,54.62762111352133,35.50855627862136
29821,16.076473236083984,7.1038665771484375,46.704587907783896,43.75564901963147
29822,17.53529167175293,6.6201348304748535,55.064197441728936,35.03483628749864
29851,13.259583473205566,5.677360534667969,24.446320389313737,65.46330320786574
29852,17.40890884399414,6.539449214935303,54.39116610810346,36.02732663057489
29854,13.195507049560549,5.678471565246582,24.28798253448447,65.723925771559
29855,17.714866638183594,6.4207868576049805,56.54761904761904,33.639579020013805
29857,13.259439468383787,5.692112445831299,24.67409692506717,65.33983480943377
29859,17.57221031188965,6.439885139465332,55.4632394305249,34.78298498420529
30373,18.78643035888672,6.497213363647461,64.64167410250455,28.12946914229138
30405,16.727819442749023,6.841395854949951,49.3284863172776,41.192904507051736
30453,15.682985305786133,6.840932369232178,44.502734266382426,45.60570951895449
30475,18.1311092376709,6.089112281799316,58.48420784918377,30.266567055046018
30507,11.150341033935549,6.3159499168396,18.437554835194263,75.64809427497482
30510,13.149056434631348,7.162243366241455,32.06216508018265,60.03744168309281
30602,16.307327270507812,7.2015581130981445,48.04701347040057,42.3785891527827
30665,14.70126724243164,7.429480075836182,38.97377398019064,52.09007447707006
39092,13.050304412841797,7.402127265930176,31.601362862010223,60.8603066439523
39119,11.451497077941896,7.653422832489014,25.776805920851427,69.27335005199095
39120,13.712641716003418,7.124756336212158,32.978229587336955,57.90279905305668
39146,15.872064590454102,6.8431010246276855,44.685629714256045,45.517805444844015
39147,13.082042694091797,6.286240577697754,27.510276515220102,62.89227314705828
39157,17.216064453125,6.681211471557617,53.23018316547513,37.03360642905599
39162,12.931608200073242,6.298123836517334,27.24290292606148,63.30002085980316
39186,13.48472499847412,7.200311183929443,33.67443367443367,58.12565812565813
39204,13.60142707824707,6.9133806228637695,32.308514381785244,59.29439977062128
39307,14.673501968383787,7.385216236114502,39.97018606393606,52.60520729270729
39310,15.464462280273438,7.113321304321289,43.33889081128692,47.71933687753626
39330,14.237323760986328,7.894781589508057,38.97322878029103,55.18550949930637
39334,16.596996307373047,6.841527938842773,49.97732426303855,40.01876612714051
39337,11.142263412475586,7.274128437042236,24.037618554236072,69.75941887076023
39340,13.445669174194336,6.988206386566162,33.075367162078976,57.0662210887345
39527,15.445671081542969,6.782470703125,42.44172628663743,46.13047157473652
39549,12.842655181884766,6.198232173919678,24.644719557342462,65.00537398988894
39621,15.89132308959961,6.804742813110352,45.954612437371054,43.81491305629236
39659,13.979583740234377,7.980781078338623,38.47858490192716,55.42599358932081
39929,17.938858032226562,6.376495361328125,58.480842482635,31.529080375148045
39940,17.82904815673828,6.481512546539307,58.008416488666434,32.19625721299455
40078,12.716506004333496,6.51263952255249,27.379125891524296,62.4803035329242
40141,12.928022384643556,6.469332218170166,28.413964528386455,61.36018662836303
40326,12.738134384155272,6.836361885070801,27.54415335321574,64.76601217335389
40334,13.038747787475586,6.980478763580322,29.041371384792185,63.04587243823022
40346,12.708001136779783,6.970860958099365,28.10581377307889,64.51780925150166
40496,16.039813995361328,6.60414981842041,44.94676356261619,44.258069967889135
40684,12.744534492492676,6.346663475036621,25.123183305039127,63.848287855575336
40789,14.890832901000977,7.648128986358643,40.81636683188847,52.40032386105571
40795,14.86403751373291,7.576916694641113,40.21240249449441,52.91950521744499
40896,14.982020378112791,6.746206760406494,39.59988231832892,50.01161332280392
40911,14.917521476745604,6.757789611816406,38.85604033111346,50.79977593825854
40925,14.147812843322754,6.885100841522217,35.04009323418756,55.19945275585564
41006,8.882407188415527,5.9949870109558105,12.884604985670252,83.92905423673822
41112,16.967832565307617,6.584074974060059,51.62209502099378,36.93230864642435
41233,14.655895233154297,8.078795433044434,42.85252557899947,51.76199662650116
41240,16.017669677734375,6.550461769104004,45.70566037735849,43.07460087082728
41277,14.852465629577637,7.043838024139404,39.3830289040546,51.48409273384184
41295,13.48379898071289,7.474843025207519,34.032638448205645,59.24645532813669
41333,14.884201049804688,7.153515338897705,40.0778368963218,51.34513587437234
41344,13.066306114196776,7.654769420623779,33.17279051686709,60.12681872797585
41380,17.86577606201172,6.981533050537109,57.394373139330845,35.0732438240571
41396,14.15305519104004,7.266919136047363,37.36404638450551,53.92142527753096
41652,16.559505462646484,6.979644775390625,50.41637935607065,40.79722060149578
41656,15.028724670410156,6.869441509246826,39.55828541557763,49.97386304234187
41660,14.93200969696045,6.95354700088501,39.50866208579843,50.38999283686626
41738,18.77468681335449,6.225442886352539,62.65202664302439,27.58644206506172
41739,17.87757682800293,6.251496315002441,57.86521935775667,31.67232021709634
41740,17.880115509033203,6.247832775115967,57.82021731972341,31.61581869585457
41815,17.875946044921875,6.251276016235352,57.81921698341536,31.652586812958845
41828,18.21932411193848,6.393708229064941,59.56454475133094,30.972152705100783
41834,17.89423179626465,6.253350257873535,57.95704341454479,31.565991939915733
41997,10.354408264160156,6.7666015625,17.25901054655391,77.49279016955292
42189,20.018428802490234,5.764011383056641,72.45594713656388,19.776732078494195
42193,20.014955520629883,5.746497631072998,72.4951709919233,19.604271545382662
42211,15.651684761047363,7.194615364074707,44.03315378512673,47.06042005929266
42216,15.642345428466797,7.194172382354736,43.98779799837028,47.08844361797706
42243,16.764753341674805,7.182241916656494,49.94933033880201,41.634028101120215
42245,16.59830665588379,7.280601978302002,49.2905672733226,42.59052088733662
42268,21.256671905517575,5.172962665557861,80.8867373144021,13.59427733663941
42272,18.51835060119629,6.764406204223633,62.97289967650078,29.5168820099568
42302,19.357648849487305,6.145960807800293,68.20638772168628,23.925351640330632
42309,18.92856788635254,6.287777900695801,64.60161443031302,26.63321978311583
42312,18.32758903503418,6.657590866088867,59.241060141366845,31.355736569600637
42316,14.70822525024414,6.370004653930664,36.66114563301059,51.74023721917762
42317,12.341778755187988,6.95905065536499,26.923467703015064,63.97419289288526
42318,11.181825637817385,6.639278888702393,21.221133465759657,69.53047839934304
42323,13.391298294067385,6.470683574676514,29.64718415398227,57.83453406279906
42324,13.3587007522583,6.5646281242370605,29.53159594933033,59.41163660121229
42325,12.758410453796388,5.993619918823242,24.046830130329138,64.61851115529048
42392,13.650598526000977,6.474562168121338,31.72280171573406,57.43322285045818
42393,14.43310546875,6.706882953643799,36.97299828697484,52.13142230383397
42395,14.32567310333252,6.859763622283936,37.10107649804706,54.18929217871773
42444,15.6082124710083,6.492600440979004,42.9431990285301,45.67409368135242
42460,14.16562843322754,6.872843265533447,35.76286107290234,54.49848693259972
42469,14.58075714111328,6.139991760253906,34.53584773150003,49.90370740218483
42473,15.193501472473145,6.962876319885254,42.08500756666493,48.28380211866618
42521,15.68405818939209,7.27089262008667,44.64978303444568,46.88376022426174
42559,15.902405738830566,7.202049732208252,45.37759606269808,46.14552313835135
42633,15.701695442199709,7.127443790435791,46.05873553859845,44.88004847291386
42639,16.168907165527344,7.182854652404785,48.73481781376518,43.37504600662496
42717,12.540237426757812,6.617559909820557,25.95858729952881,62.4173258980677
42719,10.879310607910156,5.898457050323486,17.047609016220772,75.85448704444913
42722,13.766169548034668,6.876530170440674,33.02024957939457,57.799053486486166
42835,17.614028930664062,7.102310657501221,57.52055517839632,34.59430238113198
42842,12.004908561706545,6.621499538421631,23.73897503891163,66.86746987951807
42855,17.644004821777344,7.104646682739258,57.74030099069802,34.42738662431621
42909,16.849220275878906,7.047571182250977,50.19772969428736,40.369641832636674
42944,15.442601203918455,7.884197235107422,45.95788287134293,46.99697699441512
43004,16.86792755126953,7.053197860717773,50.86490813834477,39.9702070307354
43040,15.02704906463623,7.704092502593994,43.29963121037584,49.34943852815646
43063,15.926787376403809,8.029889106750488,50.200249289932366,43.37746991152251
43081,13.69132137298584,7.674089908599853,34.58086548209807,58.84744677445174
43131,15.988475799560549,7.032553672790527,45.3107125347279,44.74689491747018
43206,15.065855026245115,7.186234474182129,41.439075630252105,49.909485070624
43245,15.279786109924316,7.302271842956543,43.1581554311754,48.54524741195701
43328,15.235599517822266,7.310283660888672,42.93312390022766,48.69518535823997
43552,15.189932823181152,6.488112926483154,38.53879640650221,49.96494546166012
43631,12.34375286102295,6.31480073928833,23.44000162130393,67.1584621932189
43635,9.62169361114502,5.038403511047363,9.645403006398858,84.55002811849285
43687,15.902942657470703,7.05100679397583,45.63696893802877,45.06683770603627
43726,15.883198738098145,7.073999404907227,45.64319096338801,45.0720871903138
43740,15.90349292755127,7.064932346343994,45.66673590196282,45.058330737009726
43818,15.895526885986328,7.056937217712402,45.66563742191936,45.037443214082906
43849,15.899124145507812,7.061985015869141,45.6478102189781,45.04288321167883
44248,15.44826602935791,7.136566162109375,43.70805066722419,47.43960377480913
44250,14.538585662841797,6.648882389068604,37.238333285994266,52.37523787883092
44282,14.370251655578612,7.190175533294678,37.34178112287565,53.95954699437287
44284,10.557218551635742,6.595956325531006,18.869650851742943,76.16586462909545
44309,12.039701461791992,6.664253234863281,24.05189722474189,68.73528542454417
44333,15.330601692199709,6.936281681060791,42.16927582342095,48.37846632199284
44342,12.17184352874756,7.033533096313477,26.0585139252914,67.27538764232493
44374,9.995452880859377,6.138986110687256,15.452518332911888,79.32691202501093
44375,13.316119194030762,6.397284507751465,28.35279238988984,61.77532579409447
44429,13.237234115600586,6.358262062072754,27.49831448048543,62.87549629185707
44434,11.650216102600098,6.498554229736328,22.52381712704242,69.46351588695514
44564,14.914307594299316,7.068399429321289,39.871236664534365,50.91207362621489
44568,13.564297676086426,7.262824535369873,35.33546515657021,54.92876872357909
44570,17.50078773498535,6.804786682128906,54.96077068229218,36.20419108153739
44643,12.10795783996582,7.135481357574463,26.98269683628545,67.80997235589228
44646,14.093667030334473,6.730677127838135,36.12755163667109,52.73885734992149
44659,16.31456184387207,6.860005855560303,47.58515747594668,42.66670893499659
44660,13.900005340576172,7.560813903808594,35.456342728624804,57.78285631370842
44689,15.286012649536133,7.263794898986816,42.94797251378086,48.33647964962622
44698,14.427292823791504,7.51904821395874,38.65523944159746,54.16593037639159
44730,15.293953895568848,7.22353982925415,42.763118440779614,48.52623688155922
44732,14.453658103942873,7.522895336151123,38.80382265169817,54.0828833309649
44799,15.210296630859377,7.299318790435791,42.60743885639439,48.80949692494147
44807,13.542563438415527,7.331466197967529,33.7456459612762,58.94130625504895
44843,15.245878219604492,7.282891273498535,42.78383868783388,48.538860883304494
44848,14.435698509216309,7.51723575592041,38.69707013594711,54.109431219979086
44871,15.314837455749512,6.88654088973999,44.11124662218715,46.16902216801779
44874,15.359171867370604,6.395001411437988,39.47806153114997,46.22244587020031
44894,15.324313163757324,6.8979926109313965,44.10629224427735,46.18984830666524
44897,14.119524002075195,7.069222927093506,35.77369655018421,54.0652562241822
44906,15.320725440979004,6.859278678894043,44.22996822525557,45.90201002035011
44907,14.06455898284912,7.188508987426758,35.70430603291698,54.32559309246374
44928,14.512701988220217,6.816843509674072,36.766528781737904,52.226354127494815
44932,14.367969512939451,7.033310890197754,39.60162980487746,51.49777156444541
44946,15.30683708190918,6.872235298156738,44.05680140932248,46.16721420749417
44947,15.329490661621094,6.401127815246582,39.38239562402322,46.41242464835901
44959,15.331604957580566,6.867731094360352,44.301765650080256,45.86528743832115
44962,16.030481338500977,6.672287940979004,45.07191289698287,43.06002255544881
45000,14.557072639465332,6.85706901550293,36.822435119719984,52.265406015981256
45001,14.419022560119627,7.079984188079834,39.94603822690209,51.334121270728126
45022,14.609344482421877,6.841091156005859,37.097878165639976,51.93814692201316
45024,14.35501480102539,7.045810699462891,39.38064700693732,51.758171025341504
45034,14.302249908447266,7.333526611328125,38.725901089689856,53.50656607991059
45036,14.573244094848633,6.735683917999268,38.09092534111899,51.612941667163206
45065,12.80336093902588,6.399067401885986,26.860346585117227,63.6143326986325
45071,12.390436172485352,6.566004753112793,24.957366602342592,66.91536148633487
45073,15.453489303588867,7.385483741760254,43.64021367727032,48.99658308869532
45087,16.503494262695312,7.617466926574707,51.924855311145976,41.26515726145821
45089,12.93452262878418,6.386795520782471,28.605746634218686,61.60032587238754
45094,12.25702667236328,6.229219436645508,22.631487717908083,68.92581220285261
45199,12.921390533447266,6.490382194519043,29.063265690770876,61.32227597327805
45200,12.339861869812012,6.227820873260498,22.835008531679307,68.44897806673393
45202,15.191826820373535,7.372754096984863,43.76147171700317,47.74424328383113
45274,16.881195068359375,6.954710006713867,51.35450503011764,39.202329517382026
45291,17.462276458740234,6.988489627838135,54.66157031374422,36.70435844348888
45294,17.44277000427246,6.999606609344482,54.6207520759443,36.71764000126293
45317,15.999887466430664,7.144328594207764,46.14999673636344,44.64437240268924
45323,16.961931228637695,6.952813148498535,51.85894736842105,39.01157894736842
45339,15.990434646606444,7.130160331726074,46.5437052331336,43.95640651773645
45364,16.178834915161133,7.07650089263916,46.93659075286508,43.23931440934856
45383,17.97787094116211,7.008627891540527,58.74527605230008,33.41840059076495
45397,16.426311492919922,7.014829158782959,47.95652971584593,42.660882140274765
45563,15.008933067321776,7.043720722198486,39.65274906986358,48.85214275871572
45566,13.52890968322754,6.746697425842285,32.06709686619843,57.41559413882848
45570,14.986065864562988,7.030290603637695,39.5338227365103,49.04953479048291
45574,13.03958225250244,6.73805046081543,29.404670794777243,60.738885410144015
45576,16.447315216064453,6.789191722869873,48.382805253136745,41.619879900405216
45577,16.491580963134766,6.748258590698242,48.4965154247283,41.43111262732102
45583,18.095645904541016,6.476904392242432,59.12619806341277,31.49845589773245
45585,18.087980270385746,6.474766254425049,59.03527276295133,31.52349882260597
45588,16.751087188720703,6.699648380279541,50.12987352015976,39.56639212666258
45589,16.481143951416016,6.7670183181762695,48.56489377173151,41.41382091249224
45597,14.165529251098633,6.593612194061279,36.05668244662508,52.25726557356492
45605,14.590421676635742,6.768680572509766,37.76775457801203,51.65889587134266
45613,15.008973121643066,7.098013877868652,40.06286233149402,48.54788014248796
45619,12.913440704345703,6.8893890380859375,29.88658708562576,61.62234095378077
45624,15.87315273284912,6.660041809082031,43.23457881936768,44.98594485328953
45631,13.170315742492676,7.451074123382568,32.16826311206377,60.541228481479
45633,13.715176582336426,6.686441421508789,31.6870222992672,57.48955953037586
45644,16.72571563720703,6.723982334136963,50.15231237884242,39.71858474766257
45646,16.500417709350586,6.77662467956543,48.70328344111975,41.32570738938227
45650,14.800699234008787,7.037592887878418,38.42354641824606,50.58892815076561
45658,14.832123756408691,7.103057384490967,39.26029962546816,50.54931335830212
45661,13.184414863586426,7.420241832733154,32.13645484949833,60.58327759197324
45663,16.487781524658203,6.759091377258301,48.4752290365875,41.52535449611951
45664,16.565210342407227,6.710236549377441,48.75234804387653,41.13888824470676
45668,16.08623504638672,6.786840915679932,46.183819014782976,43.73258395125868
45670,16.172000885009766,6.917896270751953,46.94214097248398,42.8924802110818
45677,15.12730598449707,7.170693874359131,41.43814914546354,47.90899598834973
45683,14.69399642944336,7.158346176147461,38.67118306970384,50.99443736598403
45692,15.868489265441896,6.667185306549072,43.231791834677416,44.94235131048387
45702,13.669549942016602,7.06756067276001,33.764157052425695,56.69164387001282
45704,14.486612319946287,7.930832386016846,40.10892873587413,53.12643889860945
45713,12.854066848754885,6.944073677062988,29.91269401330377,60.98946784922394
45715,14.88958740234375,7.088822364807129,39.28300043421624,49.77067954841511
45724,18.140050888061523,6.44249153137207,59.30986162200035,31.1650776968696
45726,18.003320693969727,6.545891284942627,58.75503641000998,31.942236843726512
45727,15.14086627960205,6.963644981384277,39.97506639926283,48.43487451894411
45731,12.980588912963867,6.846498012542725,29.471847047857043,61.50810178298725
45741,15.349620819091797,7.47978401184082,43.87861442503616,46.93191893111011
45745,16.165285110473633,6.916382789611816,46.9295219319862,43.171513060621
45746,16.015295028686523,6.974971771240234,46.25702307626108,44.03053885589938
45747,16.0775203704834,7.058363437652588,45.28019734975004,45.28565503089048
45749,15.598883628845217,7.457510948181152,44.29917831661864,47.34179763687383
45750,16.0590763092041,7.062142848968506,45.17445530331062,45.36382038613064
45751,17.03506851196289,6.687198638916016,52.09267210871514,37.64450526117114
45752,14.439051628112791,7.168656349182129,37.78006034538101,53.81780830711948
45753,16.317461013793945,7.482101917266846,49.96558906094359,42.8280358598207
45754,17.228572845458984,7.06416654586792,54.69480828448051,36.85013780534882
45755,15.64409351348877,7.615277290344238,46.05759646874555,46.98312686885946
45757,17.05750846862793,6.871654510498047,52.00072098053352,38.27956020187455
45758,15.865696907043455,7.42676305770874,45.709373091106535,45.72520983688152
45759,16.33897590637207,7.154778480529785,47.717311114004254,42.79607689970924
45760,14.765358924865724,7.463953971862793,39.45562351183528,52.01690088239413
45761,14.975394248962402,7.292975425720215,39.95923877081072,51.32606336518356
45763,16.331003189086914,7.141316890716553,47.60481320043045,43.15032011913432
45769,16.695005416870117,6.751545429229736,49.90163545863949,39.73216401990993
45772,15.384546279907228,7.120016098022461,42.175176421751765,49.34760414212469
45773,15.667606353759766,7.191089153289795,44.11470809663952,46.92765724454178
45774,16.468679428100586,7.48520565032959,50.404087235570586,42.260524904319055
45775,16.98419189453125,7.030674457550049,52.11911696654599,38.02796454074458
45777,15.85049819946289,7.615852355957031,47.67379053311968,45.44570677517509
45778,17.074377059936523,6.872544288635254,52.10932924906528,38.1954142078472
45779,16.033906936645508,7.190967082977295,46.27986493539694,44.94839211342018
45780,15.625791549682615,7.1520676612854,42.76626993209735,48.80121309224079
45781,15.78225803375244,7.120921611785889,43.54325429426707,47.90031823375544
45783,15.267016410827637,7.767591953277588,44.94974384834906,48.45105612414473
45784,16.51789093017578,7.199280261993408,48.62120036673954,43.55132842332222
45785,15.307178497314451,7.351772308349609,42.14198275147956,50.097103463510265
45786,14.042288780212402,7.017056465148926,33.81510813280536,57.14285714285714
45788,15.421692848205566,7.142593383789063,42.31004601977871,48.68549887398414
45789,17.32535743713379,7.170008659362793,54.06093493026584,38.567034927478325
45790,15.220083236694336,7.792977333068848,43.80982609712501,49.78533602846595
45793,15.26657485961914,7.817193984985352,44.31204869753802,49.21815314094191
45794,15.852643013000488,7.675589084625244,47.50614151665257,45.82880270629455
45795,17.23893928527832,7.205548286437988,53.46902283488273,38.48813553136946
45796,16.805912017822266,6.786215782165527,51.78203784750046,38.484867163903104
45797,16.034473419189453,7.110085487365723,46.26830531619344,44.62376983566417
45802,15.016857147216797,7.012008190155029,39.00061996280223,51.20148791072536
45804,14.01917552947998,6.759546756744385,32.75039015881759,57.19422258943053
45812,16.038341522216797,7.425287246704102,47.07424857280419,45.47338193823509
45813,16.57058334350586,7.107403755187988,49.00505028704623,42.69952950317262
45814,17.218341827392578,6.915613651275635,53.68848477783607,37.44632900079657
45815,16.6928768157959,7.33505916595459,50.583589947352735,42.48038144432304
45816,17.439241409301758,7.021717071533203,54.89600641723486,36.46078038159629
45817,17.568225860595703,6.965099334716797,55.522263521201545,35.72688310703178
45819,14.11838722229004,7.9496636390686035,38.42865357211311,55.197126642722026
45820,15.330955505371094,7.2370100021362305,41.5435243090579,50.53964091184184
45821,15.305084228515623,7.28978157043457,41.618502772281104,50.576987127995146
45822,14.102276802062988,7.911342144012451,38.30267092392682,55.313128241515045
45823,15.18523120880127,7.534512042999268,42.42785546843424,49.74941395198448
45824,15.8147611618042,7.064102649688721,44.72881565767408,45.59543505419185
45825,15.589953422546388,7.28383731842041,43.08101714961561,49.06812155433891
45826,14.134478569030762,7.955026626586914,38.49488953434216,55.1117358647145
45827,15.800393104553224,7.055014133453369,44.74823704070271,45.5951323203581
45828,15.345661163330078,7.268136978149414,41.73964842017212,50.47084320857784
45829,15.389152526855469,7.265352725982666,41.94144205773704,50.23552176377461
45830,14.046331405639648,7.922067165374756,38.03926535782141,55.40468651044965
45831,15.16740894317627,7.536561012268066,42.34500338873322,49.8315749011198
45832,15.572348594665527,7.273726463317871,42.94742211558444,49.17345223026204
45834,13.230262756347656,6.895606994628906,30.06672382301413,61.48097066388341
45837,14.053034782409668,7.01439094543457,33.82493038252968,57.108310127509895
45839,15.443888664245604,7.096436500549316,42.12013438857416,48.9168786988487
45842,15.989141464233398,7.272158622741699,46.46376221498371,45.068200325732896
45844,15.666702270507812,7.155091285705566,44.37548010447073,46.621600860347215
46073,10.808416366577148,6.105150699615479,16.887849894852895,72.1390800138835
46076,10.791142463684082,6.088830947875977,16.731238341225428,72.32437529467232
46400,14.434243202209473,5.9190826416015625,31.19663351185922,57.10635042081101
46422,9.756814002990724,5.042557239532471,10.231958762886595,83.50515463917526
46465,14.792946815490724,6.546717643737793,37.60031391610339,51.20123541176172
46484,16.736434936523438,6.704808235168457,50.416106092638856,39.40995579473381
46485,17.199039459228516,6.678117275238037,53.58210170122214,36.60243961998674
46487,12.191017150878906,6.582999229431152,24.94981934965877,65.71776040805725
46489,17.44134521484375,6.827273368835449,54.60192879045456,36.37374684228087
46492,17.36774444580078,6.868081569671631,54.26057572762919,36.84369919347127
46497,17.37026023864746,6.862942218780518,54.29468884034632,36.801824066839934
46642,16.586408615112305,6.863256454467773,49.27054522144799,41.23526548830142
46644,16.44495391845703,7.071378231048584,49.09424178872798,41.9901910596628
46664,19.304500579833984,6.579722881317139,65.2092882687755,26.94135227253648
46665,19.69209861755371,6.429974555969238,67.80723055239518,24.80089660208188
46667,19.360469818115234,6.761722564697266,67.3611439041206,26.05800742328797
46686,9.536919593811035,5.6654791831970215,11.662604693743738,83.21436082691048
46687,14.091699600219728,6.907911777496338,33.50547090704571,57.7078433377646
46688,12.560267448425291,6.788285732269287,25.835555162435718,66.5095591301381
46707,16.597496032714844,6.957224369049072,51.52045355902778,39.51958550347222
46977,18.38138961791992,6.487310886383057,61.36033244739431,29.860060792058853
46980,17.1566104888916,6.858750820159912,53.27007637121037,37.3046362724678
47077,12.559773445129396,6.445038795471191,24.48138512191191,67.0342826882785
47083,13.629047393798828,6.746787071228027,31.57341398430186,59.667314754806654
47093,15.3167724609375,6.876859664916992,41.67138784723159,48.8394888535175
47097,15.472413063049316,6.858806133270264,42.4980254378081,47.96325044711351
47102,14.814445495605469,6.532998561859131,37.29747320951208,52.000278946512005
47105,16.830699920654297,6.68718957901001,49.8133554541684,39.98494554280535
47106,14.557841300964355,6.583978652954102,36.17021276595745,51.9382292381606
47111,16.54988670349121,6.8074235916137695,48.80031096505177,41.38838828227146
47122,11.904000282287598,6.35933256149292,22.640992326119616,68.87815177230094
47128,11.214469909667969,6.390618801116943,21.395278253517464,69.90807986645565
47133,13.945116996765137,6.492126941680908,33.23002140563682,54.54869782376026
47137,13.326425552368164,7.311880588531494,32.117756265747246,60.840737302745
47151,13.45692253112793,5.670847892761231,25.582856245449225,59.649072712476624
47229,18.39572525024414,6.581888675689697,63.16011276775075,28.86185950533321
47232,15.86265468597412,7.240373134613037,45.59315835372887,46.00669536107126
47236,14.92673110961914,7.843414783477783,43.84141156462585,50.54953231292517
47241,14.921456336975098,6.58505916595459,38.56134192313062,50.0
47247,14.787439346313477,6.619272708892822,37.78523894730493,50.927843342246526
47254,16.49864387512207,6.996725082397461,49.273988402774485,41.45613120348865
47259,13.344993591308594,7.574726581573486,34.531079607415485,58.020719738277
47280,15.126259803771973,6.592059135437012,40.12600094206312,48.94488930758361
47283,15.549678802490234,6.835696220397949,42.98837515414352,48.63453091876463
47320,16.356332778930664,7.074653625488281,49.36505681818182,41.50994318181818
47332,14.86492156982422,6.798898220062256,39.54228499910602,50.97443232612194
47348,14.311033248901367,7.510662078857422,37.61927377919779,55.25884029186995
47353,14.622845649719238,6.6312031745910645,35.53860839189244,54.99106381250254
47357,14.34659194946289,6.219039916992188,30.414940445365097,56.30825996892802
47409,14.086662292480469,7.031274795532227,35.70854015028153,55.23140609366111
47416,14.304200172424316,6.948936939239502,36.91876342715653,53.73047372828898
47420,12.766704559326172,6.689992427825928,27.89209691426951,63.38774569752397
47432,15.255791664123535,6.613203048706055,42.09950792782941,46.41880809185347
47441,17.225793838500977,6.6082072257995605,53.744712615078384,36.05650935832573
47492,17.542436599731445,6.741124153137207,56.39475525678822,34.81353171280098
47530,13.272844314575195,5.883644104003906,24.86577233130638,60.047347166132845
47555,13.97760009765625,7.078713893890381,35.66086914157653,55.5052129007113
47556,13.592863082885742,7.022907257080078,33.02214476362263,57.543479055709255
47557,13.234308242797852,7.019543647766113,31.197939963973543,59.98525091577306
47586,13.067255020141602,6.442075729370117,27.62908205171779,61.79935990030305
47591,14.069905281066896,7.334501266479492,36.94906307732911,55.09489191199405
47597,14.04831314086914,6.879108428955078,34.196320723455656,56.61510833662922
47599,13.910527229309082,6.891658306121826,33.6039018413581,57.11155355018084
47605,14.587299346923828,6.767723083496094,35.33335637507344,55.1319715664927
47628,14.754117012023926,7.006349086761475,39.77305482426641,49.75979553796192
47633,14.039839744567873,6.879720211029053,35.63223663687909,54.21215846743858
47636,15.157818794250488,6.885320663452148,40.416842927337214,47.94995281637435
47638,16.467676162719727,6.658932685852051,47.11639786386612,41.147368233045775
47666,16.00692367553711,7.049709796905518,45.79209134874778,43.955698996458665
47670,13.494437217712402,6.600343227386475,30.84911849690811,59.47877552729658
47673,13.422470092773438,7.766005516052246,34.984634051737004,57.84359553243756
47696,9.303696632385254,5.634890079498291,11.60531894391983,83.33012141067643
47701,16.627864837646484,7.1392669677734375,49.24020176864144,41.94297292163525
47707,17.593570709228516,6.9966654777526855,56.97562650188809,34.823206316512184
47709,14.273698806762695,6.904154300689697,32.842770162471915,57.732881841565465
47715,18.0286922454834,5.981369972229004,56.45882834903728,32.83736173699304
47740,13.84597873687744,7.237786769866943,35.19359097238548,57.1875508617104
47744,17.50646209716797,6.909092903137207,55.65067234918069,35.38650892791535
47748,13.731345176696776,6.521523952484131,29.673892069209494,59.870071396410886
47750,15.21386432647705,6.993791580200195,39.757903890930514,51.05618986169944
47822,18.503395080566406,6.495643138885498,61.66895010095183,29.218344389962503
47827,14.321599006652832,6.789966106414795,35.914408302468004,53.83035681543144
47831,15.432144165039062,7.300807952880859,44.59539819770367,47.18722839760304
47835,14.30956745147705,7.358718395233154,38.76512274382365,52.92275165420305
47837,16.545799255371094,7.060770511627197,48.71766477675408,42.32813607370659
47840,15.154342651367188,7.207147121429443,41.63512003793633,48.92018100129402
47841,16.845670700073242,6.645244121551514,51.461038961038966,38.03280053280053
47849,15.589911460876465,7.110721588134766,44.23052600514341,46.99827147655251
47850,14.920336723327637,6.810129642486572,37.45617556536866,52.54248628395557
47852,15.669747352600098,7.000945568084717,44.098710013829375,46.53472080527784
47855,15.054558753967283,7.066564083099365,40.36031107116339,51.05631325960373
47857,15.320253372192385,6.900032043457031,41.45983872656823,48.92554194156456
47873,11.93801975250244,6.621663093566895,22.77441601481263,70.56124297272277
47930,16.935632705688477,6.612386226654053,52.293703894321496,37.93789672328016
47934,13.994121551513672,7.1204681396484375,35.579378523931126,56.405653460089496
47935,14.7362642288208,7.22154951095581,40.44524790776466,51.21994386994008
47936,14.714673042297363,7.24632453918457,40.45467756814477,51.22515259120721
47941,16.263870239257812,6.977182388305664,48.19338769661197,42.57395339315568
47945,16.3449764251709,6.975363731384277,48.818290803219725,42.18701832505566
47960,14.89762020111084,6.690235137939453,38.10595616577104,52.11152688293053
47961,13.492496490478516,6.954445838928223,31.903746290801188,59.2405415430267
47991,14.25954532623291,6.953322887420654,35.10702784618299,55.19795415798446
48059,16.458406448364258,7.042550086975098,48.33609764395679,42.01433188738624
48075,11.692038536071776,7.029857635498047,25.379643029425957,68.35311143270623
48079,16.804454803466797,7.09213399887085,51.1133827233352,39.37886627815072
48091,14.8888578414917,6.483331680297852,37.805803701757455,50.90208442809598
48093,14.01149082183838,7.243828296661377,36.499485115146975,54.25131061598951
48192,17.968425750732422,6.006957054138184,57.47338598901099,31.067565247252748
48196,18.775999069213867,5.775839328765869,64.83202458996709,24.50111663424825
48197,17.81877326965332,5.968210220336914,57.524647040637554,31.307753083027038
48285,13.09183406829834,7.239644050598144,30.724398973741724,62.18998447942732
48289,14.712909698486328,6.534264087677002,36.90019768765351,51.97537890133589
48302,16.966468811035156,6.886188507080078,51.66590260422058,39.38865145442984
48304,14.643548011779783,6.356570243835449,35.652928107215416,51.67464683308185
48305,13.630846977233888,7.067541599273682,33.22635508450961,57.92776085556975
48312,12.687911987304688,7.097234725952148,28.581484841848383,62.27669492851109
48314,11.942272186279297,5.968804836273193,19.994300495418475,70.7571572624841
48318,12.582430839538574,6.986707210540772,27.84497498575137,64.84073206256728
48361,16.331024169921875,6.944067478179932,48.35068580415265,41.82708578026397
48370,17.47260856628418,6.530761241912842,54.65315192888775,35.25076340149323
48371,18.19467163085937,6.500975131988525,59.56463432156712,31.19402270223669
48408,17.349000930786133,6.752729892730713,54.32795346192538,36.13698989633906
48593,15.671916961669922,7.176163196563721,44.90180431795008,45.89706077935895
48596,13.986075401306152,7.259711265563965,34.945621064682314,56.86767377616286
48728,15.298216819763184,7.490346431732178,43.22325609681931,49.24283889801131
48771,12.684590339660645,6.754562854766846,28.208406332370533,63.77669397225248
48781,13.219018936157228,6.698884963989258,30.17874104136085,59.20473188843796
48784,12.52651596069336,6.5386576652526855,26.17977528089888,63.91385767790262
48788,14.562249183654783,6.709500789642334,35.57831849845201,53.8046633126935
48789,15.591838836669922,7.296577930450439,44.190810652619255,47.37098819627354
48792,14.850086212158203,7.0080413818359375,38.54321691312287,52.34054230919435
48793,16.001155853271484,7.149960994720459,46.174200661521496,45.289021893211526
48797,13.545892715454102,6.372234344482422,31.696825074103007,57.2160811548298
48813,17.71882438659668,7.20903205871582,59.21461790362971,33.05126723355073
48817,15.247654914855955,6.376543521881104,38.38369481793115,50.37664515762245
48836,12.706920623779297,6.919022083282471,27.8625681988375,64.03915415611739
48837,11.224912643432615,6.691402912139893,21.40848976915997,70.07526569926499
48838,10.763689041137695,6.698000431060791,20.193011227450487,72.55834489718683
48841,17.58841896057129,6.907370567321777,55.52971179616751,35.35190148411396
48847,17.978181838989258,6.684667110443115,58.21994340075813,33.302701517319164
48854,13.413175582885742,6.939798831939697,31.335260703441666,60.63225487774759
48855,15.950039863586426,6.720961570739746,43.76532004822917,44.94852463795
48857,16.514488220214844,6.624208927154541,47.5229477247575,41.34236052340343
48863,17.007598876953125,7.146894931793213,52.45934830749762,39.063587472318886
48864,17.060874938964844,7.133838176727295,52.74639065683087,38.77845402437018
48865,17.23421287536621,6.697604179382324,53.660424831857554,36.19296462960275
48867,10.216017723083496,6.737124919891357,18.24488222892249,76.43444945705153
48868,16.572940826416016,6.973916530609131,50.518899878065305,39.89161360249289
48879,13.992642402648926,6.2330169677734375,30.231494287112493,57.92357284197536
48880,13.90630054473877,6.323837757110596,30.08084869743765,58.80673311374428
48894,12.873676300048828,6.448939323425293,26.7512077294686,64.27580962605117
48946,15.631625175476074,6.760543346405029,43.00952201153969,46.76994961711366
48947,15.631625175476074,6.760543346405029,43.00952201153969,46.76994961711366
48959,15.381796836853027,7.225039958953857,42.18003534576136,49.81015905592612
48960,15.366589546203612,7.236364841461182,42.15135172114979,49.84664150599181
48963,16.521818161010742,7.123729228973389,48.48502100816415,42.88853717135602
48966,13.19815158843994,6.999566078186035,31.4,60.20197044334975
48969,13.433706283569336,7.214055061340332,33.19031141868512,58.752347998022735
48977,13.46288776397705,7.227066993713379,33.36068572106497,58.483029985466985
48999,16.876506805419922,6.886609077453613,50.8007611194799,39.7803853167367
49003,14.047881126403809,6.736252307891846,33.70692166640961,55.74177848611039
49004,16.773361206054688,6.880771160125732,50.36025150477725,40.027074802532944
49006,16.773361206054688,6.880771160125732,50.36025150477725,40.027074802532944
49018,12.973037719726562,7.223630428314209,31.24531992603573,61.47363112612131
49035,16.355806350708008,6.862719535827637,47.97333182665688,42.38883552743093
49036,16.71268081665039,6.458186149597168,49.1406863135386,39.57165117892606
49051,13.997493743896484,6.196470260620117,29.89876651887795,57.95750984959904
49052,13.843443870544434,6.270028591156006,29.586629242153613,59.07544441609254
49055,15.842127799987791,7.005733966827393,45.90844451020526,45.06506210286635
49064,17.135662078857422,6.511489391326904,52.58330936434236,36.64790237087562
49116,15.628340721130373,6.951137065887451,44.15686274509804,46.26514486391572
49120,15.935990333557127,7.039318084716797,45.89700320046553,44.77858597614198
49147,14.379158973693848,7.064619064331055,37.52112137217186,53.03456997417614
49163,12.078316688537598,6.401908874511719,22.47918352431417,68.2989219806322
49164,12.606809616088867,6.444692134857178,24.736360068036117,65.72026691089886
49180,16.715980529785156,6.987216949462891,50.1120153910413,40.33946359183364
49183,14.034262657165527,7.1463165283203125,35.424397714554985,56.30676798020852
49186,16.665681838989258,6.779384136199951,49.11804804002868,40.09754177852113
49221,16.003131866455078,7.378403186798096,49.28136268839188,42.16279523716573
49225,14.91114902496338,7.163181304931641,40.21651749825821,51.219250763706526
49297,11.856558799743652,6.79423189163208,24.46516113477457,67.45640118942377
49301,14.61521339416504,7.089749813079834,37.888391185924334,53.36982198871778
49302,14.623812675476074,7.082650184631348,37.89742729162095,53.35691326629404
49303,14.76021671295166,6.982351303100586,38.007797923127406,53.11852585796456
49304,14.76021671295166,6.982351303100586,38.007797923127406,53.11852585796456
49305,14.76021671295166,6.982351303100586,38.007797923127406,53.11852585796456
49307,16.795001983642578,6.50791597366333,49.78557324447736,38.91768480809576
49310,14.503617286682127,6.76027250289917,35.36963639496812,55.15496910465031
49311,14.27665901184082,6.907905101776123,35.15851917491262,55.586324028946976
49312,16.909385681152344,6.384805202484131,52.24940489288071,37.11268028245084
49314,16.48410415649414,6.557577133178711,49.01268864028831,40.295818004354686
49318,17.165952682495117,6.324659824371338,51.71784042917476,36.48556100901724
49320,16.65697479248047,6.7637715339660645,50.050501945422766,40.2074532088497
49322,18.058692932128903,6.050020694732666,58.88963906940108,30.33448673587082
49324,16.906190872192383,6.906127452850342,51.92114444431899,39.1511511059424
49326,18.124231338500977,6.056929111480713,59.33454985759844,30.085099851629515
49328,16.90120506286621,6.848895072937012,51.32825644204374,39.32635260781015
49330,18.317258834838867,5.99680233001709,60.637315012346505,28.862273437368767
49333,19.717145919799805,5.852313995361328,70.09227052133886,21.77834246318552
49338,19.69913673400879,5.818385601043701,69.91540932937492,21.712961080157797
49343,19.97076988220215,5.695374011993408,71.66342879822857,20.154164316600863
49359,17.098634719848633,6.96616268157959,52.7096709804052,38.18157623340763
49366,13.994413375854492,6.814097881317139,33.11692906421369,57.769326021581456
49368,14.470483779907228,7.192871570587158,37.61205154861615,53.288480021968965
49369,14.557928085327148,7.195065498352051,38.363166346794095,52.65951196584544
49371,14.961699485778809,7.369156837463379,42.150367885434,50.06906661404449
49375,14.8490629196167,6.937944889068604,37.96473744729781,51.55040245304714
49376,13.973873138427734,7.260001182556152,35.52938499175058,57.14096072519011
49377,16.26639747619629,6.721895694732666,46.643266539298885,42.76447327498112
49378,12.729351997375488,6.496604442596436,25.28730721579015,64.64732772247618
49430,12.449716567993164,6.284670829772949,23.51075030477668,66.78765377368946
49431,16.206787109375,6.811906337738037,46.930832573019046,42.73043297492695
49433,16.13677406311035,6.745316028594971,46.72706865229516,42.72572638594786
49436,15.777498245239258,7.067326545715332,45.11053045368358,46.05975119086158
49440,14.349279403686523,6.73238468170166,35.46408910510818,53.493790807835104
49445,13.61949348449707,6.534111499786377,29.44210793007348,60.48644540157081
49447,14.441160202026367,7.19601583480835,36.80520231790391,55.16790840090562
49452,14.409214973449709,7.068118095397949,36.78190540379812,53.9804939935773
49475,10.760451316833496,6.397815704345703,18.998829039812644,75.04391100702577
49476,12.317838668823242,6.214521884918213,23.811046511627907,67.14244186046511
49477,12.352361679077148,6.201265811920166,23.953340647918232,67.04105791996304
49479,16.094350814819336,7.118133544921875,46.29416494552793,44.2729436990556
49480,14.391395568847656,7.484102249145508,37.738657692058766,55.09513947317326
49501,9.355595588684082,6.4439873695373535,15.206004747671814,80.14243015444349
49502,15.523696899414062,6.376037120819092,42.02316718054128,47.1083847207948
49503,15.530994415283203,6.380283355712891,42.09743199991436,47.00863849966281
49515,18.823347091674805,6.291866779327393,65.56169429097606,25.734806629834257
49516,16.09286880493164,6.614499568939209,45.54716230990955,43.54437928635325
49517,16.170272827148438,6.586185932159424,45.910209882496254,43.17945334111616
49518,16.114826202392578,6.620813846588135,45.71456971745235,43.41591908749783
49519,16.16350746154785,6.595544338226318,45.90746427755641,43.18164513591026
49520,16.10285758972168,6.634756565093994,45.712084689744295,43.430829253746175
49532,12.400733947753906,6.87041711807251,27.436680305071757,64.8203315244935
49541,14.535622596740724,6.858858108520508,36.66501984701613,54.54437043220498
49551,20.077301025390625,5.305438041687012,75.64650641250262,16.62344943583993
49552,19.69945907592773,5.400882244110107,72.63655824873972,18.12374835991989
49553,19.62939453125,5.498795509338379,72.22241675128681,18.768164151405863
49581,13.913466453552246,7.058470249176025,34.393251135626215,55.9145267451562
49602,15.306771278381348,6.817016124725342,41.534522529921134,48.4341976546177
49608,15.65651798248291,6.49048376083374,41.42363089480449,48.002491089056434
49612,13.46242332458496,6.73427677154541,32.04694870556773,58.88397776374599
49615,15.283561706542969,6.817863464355469,41.26183212078542,48.461498344155
49616,15.804423332214355,6.658572196960449,44.96932382335726,44.58560062436317
49622,15.331130981445312,6.848685264587402,40.417148261006616,49.211936534622254
49632,14.268348693847656,6.421779155731201,34.655354809267976,53.31369661266569
49633,14.126444816589355,6.4083571434021,33.94809451693878,54.19164782274962
49634,14.285517692565918,6.42702579498291,34.89804808230828,53.1767927150532
49641,12.13195514678955,6.655911922454834,25.285858312636783,65.3715953147925
49647,16.065942764282227,7.161596298217773,46.58930424869408,44.4998383556516
49648,15.461739540100098,7.022132396697998,42.60500990167807,48.12910398499114
49671,12.624056816101074,6.293900489807129,24.898105432883952,64.36601424284498
49672,12.805120468139648,6.011645317077637,24.423649376147957,65.21945658369751
49796,15.15145778656006,7.231545448303223,42.16288029759532,49.120499535007305
49800,17.240135192871094,6.489392757415772,51.03318491550023,37.01507957983814
49801,17.52281379699707,6.599308967590332,54.1024059222702,34.81431215299198
49803,17.8236141204834,6.2724480628967285,57.35970333745365,31.77008652657602
49818,13.834656715393066,7.639699935913086,37.25916992675825,55.27252404623937
49819,18.423974990844727,6.535195350646973,61.44441180790131,29.744639447789687
49843,14.838424682617188,6.432698249816895,36.811422034494896,51.19676170362549
49866,18.96076202392578,6.183182716369629,67.291015625,25.1796875
49877,14.398287773132324,6.631856918334961,35.0951859808412,54.109413211192624
49886,16.175939559936523,6.33989953994751,46.42393187066974,41.28295804464973
49895,9.142403602600098,5.77991247177124,12.448360772502491,82.63700930014856
49898,14.896437644958496,6.6891632080078125,38.24944696572328,50.80617573946954
49900,14.62259292602539,5.990337371826172,34.0398201669878,51.26116657908566
49905,15.1620512008667,6.828658103942871,40.51126409554124,48.98832876847533
49907,14.955683708190918,6.873447418212891,39.659430812575245,50.40026808653237
49913,16.379362106323242,6.914073467254639,47.92303851195306,42.664315585793645
49923,15.99923324584961,7.11672830581665,46.12437332779177,44.23461568433904
49934,17.70657730102539,6.265271186828613,56.26070669925311,33.10796921038806
49935,14.831825256347656,6.664676666259766,36.629868298745656,52.544727249939946
49936,13.082730293273926,6.464601039886475,26.52278273794579,63.42509365176608
49937,13.38699436187744,6.574370861053467,28.48302579263941,61.49454582526251
49939,14.363706588745115,6.608957767486572,33.811464276011954,54.992665036674815
49946,13.294632911682127,6.765136241912842,30.360418689975184,60.96228552929751
49951,15.319853782653809,6.897983074188232,42.4867646892111,47.85004137805943
49970,12.749093055725098,7.584128856658935,31.450342302538253,61.65034118115401
49980,12.996442794799805,7.462828636169434,33.10555107165277,59.56536035632081
49986,15.612797737121582,6.959681510925293,43.82728842832469,47.21473805411629
49987,15.703096389770508,6.961556911468506,44.25470132743363,46.619192477876105
49988,15.286140441894531,7.071733951568604,42.3668693569191,48.79767827529022
49989,15.324666023254396,7.09190034866333,42.603058894092136,48.61934531361739
50023,16.505252838134766,6.8979172706604,48.67120221738035,42.04129426238013
50405,16.159168243408203,6.492867946624756,45.991927269983776,42.72888452978234
50409,16.190195083618164,6.324350833892822,46.93307685147839,41.93478328317458
50415,14.97205924987793,6.528824329376221,38.2363088184559,50.362248188759054
50416,13.414193153381348,6.56711483001709,28.935196822683626,59.75189784324569
50417,13.373744010925291,6.567869663238525,28.72365388066088,59.98426479316484
50427,18.81221389770508,6.326296329498291,63.89407443092858,27.589425508852223
50473,14.779709815979004,6.279691696166992,37.84612533380509,49.79908514240946
50486,12.998504638671877,7.129992485046387,31.335263366171663,60.187865786349526
50487,12.765420913696287,7.056058406829834,30.03317375499096,61.86905305814346
50489,14.607640266418455,6.496439456939697,36.02736839993178,52.3450745909287
50490,13.10976791381836,6.5592546463012695,28.8577919661568,60.42911142012181
50492,15.654224395751951,6.8737311363220215,43.85385157253553,45.6946919156342
50493,15.644811630249023,6.865446090698242,43.82276489159339,45.67917218576024
50496,18.19562339782715,6.218586444854736,58.33076543818563,31.31239985208924
50498,18.102445602416992,6.252631664276123,57.68444163734247,32.043068964480135
50499,19.45182037353516,6.058823585510254,67.45652723544119,24.188836137876788
50502,16.767066955566406,6.752604961395264,49.70822992823127,40.07646388087732
50514,15.915938377380373,6.8094987869262695,44.574844508911895,45.12648073668711
50515,12.743694305419922,6.522573471069336,26.587457707136675,64.7808639546778
50516,14.263739585876465,6.940083980560303,35.35582870116652,54.79918578250999
50520,13.3713960647583,7.199130058288574,32.42274758004468,59.42851824274014
50522,15.755523681640623,6.944793224334717,44.08104523520614,46.7646809831532
50525,12.72706699371338,6.812489986419678,27.814948498987587,64.30473633242363
50526,12.715571403503418,6.811676979064941,27.79721818742022,64.45045996742815
50527,13.96135425567627,7.384414196014404,36.2188894264366,56.16298446487126
50528,14.32876968383789,7.286080360412598,38.97451164494928,52.89005427439485
50530,17.56977081298828,6.499514579772949,56.68138329965428,33.87954068781903
50531,17.05792808532715,6.60129976272583,53.9394693756403,36.68125197476135
50532,17.532562255859375,6.89715576171875,56.230490870417945,35.56255352062097
50536,14.083812713623049,6.950422286987305,35.503978446941495,54.14871275696751
50537,11.88998794555664,6.228417873382568,21.596286584079333,68.25712592056746
50538,14.590335845947266,7.153762340545654,37.87965890581585,53.75267477883172
50539,16.160669326782227,7.327615261077881,48.04516768940674,43.8619246405877
50542,13.577104568481444,7.035973072052002,34.15110588334139,56.73297065680859
50543,13.419618606567385,7.529172897338867,34.96344465953728,58.17843516830492
50544,13.997645378112791,7.042097568511963,34.905921964745495,56.02693602693603
50546,17.41145896911621,6.603829383850098,55.96271424275835,34.85616918913501
50547,16.481142044067383,6.682355880737305,48.74985641536164,41.436612168319485
50548,16.347000122070312,6.922563076019287,48.76746858434963,42.01356711272565
50549,15.373448371887209,6.8529558181762695,42.41751649670066,48.12837432513497
50611,15.390531539916992,6.862366676330566,42.045000285534805,48.30963394437782
50614,17.206233978271484,6.427657604217529,54.58256466616949,35.027672017898496
50615,15.716402053833008,6.704747676849365,43.746871831727006,45.53842994828095
50624,16.018095016479492,6.852810859680176,46.289366354118485,44.42248665012825
50627,17.520122528076172,6.963176250457764,55.58540407432281,36.16297291246922
50644,15.398902893066406,7.201298236846924,42.5638411271261,48.7254947397692
50645,14.81061840057373,7.136983394622803,39.29613816725764,51.40507031381914
50648,14.652351379394531,7.118173599243164,37.07871570610524,53.57539671234438
50650,14.61948013305664,7.115979671478272,36.86857175418103,53.81492350209408
50660,15.948675155639648,6.40553617477417,41.59947205133845,43.977516669068734
50664,17.180206298828125,5.856056213378906,49.76703595781502,35.30477613264898
50665,18.36476325988769,5.582341194152832,59.071632921523,29.04228798513435
50708,18.206388473510746,6.357539653778076,60.11712228714524,30.720471619365608
50709,17.165019989013672,6.686110973358154,54.44223310879771,35.852980200040825
50737,13.965096473693848,6.949100494384766,33.48208538940142,56.930916112422224
50739,16.5198974609375,6.863528728485107,47.25787382704741,42.661923375973245
50740,16.467479705810547,7.186912059783936,48.3245582247991,42.27719395476733
50741,16.527667999267578,6.860312461853027,47.321219351127965,42.58568902711799
50747,12.301507949829102,6.792233467102051,25.42368863921876,66.66666666666666
50749,15.181378364562988,7.159443378448486,41.42108277168406,49.26875468041055
50758,13.969978332519531,6.932868480682373,33.46256698849785,56.94263958845704
50765,14.310999870300291,7.083126544952393,35.76848363866619,54.93415757107441
50766,14.240236282348633,6.849883556365967,34.29618799853798,55.31917180881942
50772,14.259332656860352,6.855101108551025,34.40663166858904,55.19958605969796
50773,13.96121597290039,6.9885125160217285,33.62990855298548,56.81441635287789
50774,16.37577247619629,7.141416072845459,47.832111186903134,42.6031718963165
50787,13.623268127441406,7.147902488708496,34.22261626501169,57.55756159157465
50811,14.29440212249756,6.98896074295044,36.13371534229773,55.15666334086977
50814,15.59244441986084,6.661529541015625,41.37780770906786,48.88219836522336
50822,16.199670791625977,6.395104885101318,44.76926699105321,42.31020771202847
50824,16.25275421142578,6.312515258789063,44.91257440476191,42.34162414965986
50825,16.38977813720703,6.487582683563232,46.65223159146704,41.10336835363901
50826,16.334871292114258,6.526644229888916,46.4898905187399,41.23082553139581
50829,16.8233585357666,6.678694248199463,49.64162743306865,39.61597920033729
50831,16.017873764038086,6.57661771774292,44.33053144090763,43.542326948693216
50834,15.109625816345217,7.413915157318115,40.87988762492516,52.19799198636761
50837,14.092548370361328,6.847430229187012,34.240358298084104,56.52152276685742
50864,16.949371337890625,6.828200817108154,51.602320855876805,39.04081083066076
50868,17.110702514648438,6.878668785095215,53.65590505436136,36.93529200210253
50869,17.56212615966797,6.756916522979736,56.79434413170472,33.749336165693045
50876,17.11162757873535,6.933752059936523,52.4745628766176,38.335967598537984
50877,16.804248809814453,7.39238166809082,52.935202112533005,39.31981080061519
50878,16.915599822998047,7.031151294708252,50.75558747962538,38.4949028925049
50879,16.124540328979492,6.936431407928467,45.16492842307434,44.99631507247024
50886,17.055448532104492,7.132636070251465,52.40560146041506,39.24625288239815
50887,17.101530075073242,7.115821361541748,52.680709051776255,38.85637590384755
50895,15.983606338500977,6.969584941864014,45.28973127248609,45.16109581331779
50899,15.598916053771973,7.353763580322266,44.822075735524926,47.096424392888736
50901,17.03721809387207,6.727108478546143,51.36734459381822,38.517369489448086
50908,17.164474487304688,7.045368671417236,52.66652192295825,38.324324942007294
50910,15.54132080078125,6.983082294464111,42.33608504191756,47.43295117536044
50911,14.823006629943848,7.168529033660889,39.58784257537421,51.73764594701704
50912,14.822395324707031,7.173609256744385,39.6061335853428,51.71935493704844
50913,14.822395324707031,7.173609256744385,39.6061335853428,51.71935493704844
50914,14.822395324707031,7.173609256744385,39.6061335853428,51.71935493704844
50915,14.710210800170898,7.878914833068848,41.96784033917584,51.31585750478259
50916,16.474388122558594,6.977728843688965,48.15598961890452,42.52834312252425
50917,16.293142318725586,6.978453159332275,46.86616452918957,43.70405555178575
50920,15.931325912475586,7.265957355499268,46.09837683702566,45.07567449001974
50921,16.631776809692383,7.319228172302246,51.036045975166985,40.6816039155116
50924,16.3250789642334,7.093129634857178,48.66457978655244,42.11287458582752
50934,16.49798583984375,7.016880512237549,48.73661876747999,42.01465907994985
50941,16.528553009033203,6.767417907714844,46.78206898515239,44.52859196834029
50943,14.23301124572754,6.3968048095703125,34.162400346399735,54.01543516466722
50944,17.33957862854004,6.946712493896484,54.2249364329822,36.5941699963676
50948,17.44808006286621,6.46743106842041,53.94840762205635,35.35045663370301
50953,12.795231819152832,6.908186435699463,27.81797675921585,64.88791453879588
50982,17.133056640625,6.778885364532471,52.87251825566732,37.85448253614476
50983,18.51133155822754,6.739937782287598,60.81420690949665,30.54840088845324
50985,18.51187896728516,6.741123676300049,60.80739502820138,30.538959682473365
51001,14.111512184143066,6.9767351150512695,34.89783811376461,56.23525516327966
51010,10.303570747375488,6.38214111328125,17.192320678052926,77.55230344731235
51012,12.121170997619627,6.748287200927734,24.503332969074417,67.53797399191345
51017,16.928781509399414,6.816047191619873,51.21692401877424,39.2925651316237
51020,18.408174514770508,6.796716690063477,61.06074129750552,30.903838023206653
51023,20.95883560180664,5.893142223358154,77.17977444170587,17.792217491971023
51027,15.554218292236328,7.181824207305908,44.39712925007628,47.03572518273836
51028,14.58026885986328,7.0997314453125,38.45453441787058,52.523977176156365
51030,17.256389617919922,6.576365470886231,54.04648149647745,34.84654627905093
51047,14.343119621276855,6.93038272857666,36.76339090032436,53.44963618830543
51076,15.357935905456545,7.177877426147461,42.92740582583499,48.60454476132377
51105,12.189659118652344,6.29468297958374,22.762116562511647,68.60813278833132
51132,13.901559829711914,6.6284003257751465,33.34644390102092,56.42731330266601
51156,14.508216857910156,5.79932975769043,30.441836244191634,52.45153020349304
51191,14.482282638549805,7.365969657897949,38.30717705997952,53.117993855351656
51192,17.938783645629883,6.560424327850342,57.66947316650468,32.467182687916434
51211,17.852615356445312,6.685048580169678,58.35366191717026,32.46243832122859
51283,16.770483016967773,6.578855991363525,49.7288251532993,40.22549043558987
51288,15.838586807250977,6.2756757736206055,44.44825284577779,44.55919758988328
51292,18.004722595214844,6.861271381378174,59.46766763350964,32.68611727236535
51309,16.18254852294922,7.465269088745117,48.71400495599419,43.07442536101854
51310,15.90574836730957,7.021238327026367,43.58438434999213,44.6981518331353
51311,15.956924438476562,7.354767799377441,46.67567290263005,43.66257395943774
51312,16.126911163330078,7.179441928863525,47.79697871366446,41.57558937972076
51314,15.742966651916504,7.093030452728272,44.59509341813845,43.81992163098416
51316,15.770397186279297,7.077000617980957,44.29963702878048,43.81091200091458
51317,17.15357780456543,7.2034993171691895,54.391210743942864,36.1975873970543
51320,13.186686515808104,7.039539337158203,30.65979381443299,61.31408934707904
51392,15.946527481079102,7.048435688018799,45.90016450750565,45.04806703680856
51395,14.350658416748049,7.278223037719727,37.927206088899,53.61762463382336
51487,17.0849552154541,6.094971656799316,51.78706281489163,37.31923670833287
51488,15.343252182006836,6.890110969543457,43.36144786228914,46.35230165235774
51489,14.808402061462402,7.002121925354004,41.09772575022993,48.826541618884335
51494,15.344189643859863,6.662408351898193,42.21726815504076,47.20902932592377
51496,15.292531967163086,6.69545841217041,42.10310921564193,47.48473393428323
51497,17.439741134643555,6.100080490112305,55.48741305254615,33.72377484414281
51501,15.647027015686035,6.641558647155762,44.12963741043141,45.04718320255277
51502,15.647027015686035,6.641558647155762,44.12963741043141,45.04718320255277
51504,16.868804931640625,6.130136489868164,49.92685945763475,37.22516034657365
51511,15.362889289855955,6.863095760345459,43.282552953091,46.29274494171389
51512,17.50178337097168,6.066107749938965,55.75501108572586,33.58468481649466
51513,15.34170627593994,6.885653018951416,43.25130901333793,46.32075674976837
51580,16.665102005004883,7.058024883270264,50.425802726712064,40.48996837643848
51586,17.392581939697266,6.429768085479736,54.78870699075892,34.72250220152144
51616,14.260820388793944,6.440598487854004,33.73179549852327,55.18128118953051
51620,11.546911239624023,7.025671005249023,24.70295612339847,69.42595376136282
51624,14.516380310058594,7.032024383544922,38.6341353043216,52.45116524624783
51629,17.607242584228516,6.829320907592773,53.87942371197288,36.17873111429323
51647,16.877830505371094,6.589489936828613,51.61877359302569,38.15215119210102
51652,13.858946800231934,6.675869941711426,33.129819657459514,56.62093738889502
51657,11.841649055480955,6.13788366317749,20.728994420718287,70.30013918463972
51662,17.77403450012207,6.000340461730957,56.9757103401309,31.711815670992397
51667,20.145965576171875,6.148158073425293,71.44626593806922,21.6247723132969
51673,11.769065856933594,6.375381946563721,21.77772176511892,70.45352249608412
51680,10.277119636535645,6.062336921691895,15.665147119767925,78.48429701436062
51693,19.70270347595215,6.362267017364502,71.07616895311456,22.22841136964064
51695,19.897720336914062,6.196392059326172,73.31098708239125,20.69821493509573
51706,16.594497680664062,7.002737522125244,49.50655800331084,41.47618744428881
51708,13.95203971862793,6.894326210021973,33.91755250194451,57.54861291158932
51712,13.344803810119627,7.485040664672852,32.60248337253117,61.14356523278457
51716,14.842424392700195,6.770644187927246,37.08305336156294,51.43197636826958
51722,10.572195053100586,6.330831050872803,18.249081948862163,74.98532483311263
51723,10.572195053100586,6.330831050872803,18.249081948862163,74.98532483311263
